"Year","m_age","m_obstetric","m_preeclampsia","m_chorioamnionitis","m_intrauterine","m_birth ","b_gender","b_weight","b_apgar","b_gestational","b_respiratory_failure","b_heart_rate","b_saturation","b_blood","b_rhesus ","b_patent","b_pneumonia","b_hemorrhagic","b_anemia","oc_respiratory","oc_intraventricular","oc_intravascular","oc_necrotizing","event","duration"
"2021","37","1","0","0","0","1","2","1490","7","29","2","110","90","1","0","1","1","1","0","1","1","0","0","1","14"
"2021","38","1","0","0","1","2","1","1378","8","36","2","146","80","2","1","0","0","1","0","0","0","0","0","1","1"
"2021","36","1","1","0","1","2","1","1490","8","32","3","56","62","1","1","1","1","1","0","1","0","1","0","1","14"
"2021","34","1","1","0","1","2","1","1497","7","34","2","154","89","2","1","1","0","1","1","0","0","1","0","1","14"
"2021","32","1","0","0","0","2","1","1450","9","35","2","154","91","1","1","1","1","1","1","1","1","0","0","1","4"
"2021","23","0","0","0","0","1","2","1490","7","33","2","146","80","1","1","0","0","1","0","1","0","0","0","1","14"
"2021","34","1","0","0","0","1","1","1494","7","29","2","110","87","2","1","1","1","1","0","1","0","0","0","1","7"
"2021","31","1","1","0","0","2","2","925","7","28","2","146","80","2","1","1","1","1","0","1","0","0","0","1","21"
"2021","35","1","0","0","0","2","1","1438","7","30","2","134","94","1","1","0","1","1","0","1","0","1","0","1","26"
"2021","35","1","0","0","0","1","1","1493","7","30","2","134","89","1","1","0","1","1","0","1","0","0","0","1","17"
"2021","28","0","0","1","0","1","1","1340","7","29","2","110","62","2","1","1","0","1","1","1","1","1","0","1","48"
"2021","32","1","0","0","0","2","2","960","5","27","3","102","65","2","1","1","1","1","1","1","0","0","0","1","22"
"2021","35","1","0","0","1","1","2","1370","7","32","2","102","62","3","1","1","0","1","0","0","0","0","0","1","3"
"2021","26","0","1","0","1","2","1","1495","6","31","2","104","74","3","1","1","0","1","0","0","0","0","0","1","7"
"2021","35","1","0","0","0","2","2","1280","6","29","2","102","87","2","1","1","1","1","0","1","0","1","0","1","4"
"2021","42","1","1","0","1","1","2","890","4","29","3","115","65","3","1","1","1","1","1","1","0","1","1","1","21"
"2021","24","0","1","0","1","2","2","998","6","30","2","102","87","3","1","1","1","1","0","1","0","1","0","1","16"
"2021","27","1","0","0","1","1","2","680","3","27","3","105","62","4","1","1","1","1","0","1","0","1","1","1","10"
"2021","31","1","0","0","0","1","1","1334","7","29","2","136","72","2","1","1","1","1","0","1","0","1","0","1","22"
"2021","30","1","1","0","1","2","2","1200","7","32","2","125","62","3","1","0","0","1","0","0","0","0","0","1","4"
"2021","34","1","1","0","1","2","2","1340","6","31","2","102","88","3","1","1","0","1","0","1","0","0","0","1","5"
"2021","23","0","0","0","0","1","2","1480","7","31","2","160","87","1","1","1","1","1","0","1","0","1","0","1","10"
"2021","26","0","0","0","0","2","2","990","4","26","3","102","65","1","1","1","1","1","0","1","0","1","0","1","29"
"2021","25","0","0","0","0","2","1","1398","7","29","2","125","62","2","1","1","1","1","0","1","0","1","0","1","6"
"2021","32","1","1","0","0","2","2","1318","7","30","2","102","87","3","1","0","0","1","0","1","0","0","0","1","5"
"2021","29","0","1","0","1","2","2","1390","7","31","2","125","62","1","1","0","0","1","0","1","0","0","0","1","4"
"2021","31","1","0","0","0","2","2","1498","5","29","2","125","62","1","1","1","1","1","0","1","0","0","0","1","6"
"2021","34","1","1","0","0","2","2","1280","7","31","2","125","62","1","1","1","1","1","0","1","0","1","0","1","12"
"2021","39","1","1","0","0","2","1","1480","7","29","2","160","88","2","1","0","1","1","1","1","0","1","0","0","12"
"2021","25","0","0","0","1","2","1","1400","2","35","3","98","62","1","1","1","1","1","0","1","0","1","0","0","7"
"2021","26","1","0","0","0","2","2","930","3","25","3","105","60","3","1","1","1","1","1","1","1","1","0","0","3"
"2021","24","0","0","0","0","1","1","1200","7","29","3","136","72","4","1","1","1","1","1","1","0","1","0","0","81"
"2021","29","1","0","0","0","1","2","980","6","27","3","93","62","2","1","0","1","1","1","1","1","1","1","0","47"
"2021","19","0","0","0","0","2","2","690","4","27","3","125","62","2","1","1","1","1","0","1","1","1","0","0","1"
"2021","23","0","0","0","0","1","2","915","4","25","3","112","62","1","1","1","0","1","0","1","0","0","0","0","0"
"2021","26","0","0","0","0","1","2","995","5","28","3","115","62","1","1","1","1","1","0","1","1","1","0","0","7"
"2021","26","0","0","0","0","1","2","690","3","28","3","93","62","1","1","1","1","1","1","1","1","1","1","0","299"
"2021","31","0","0","0","0","1","1","994","5","26","3","106","62","1","1","1","0","1","0","1","0","1","0","0","2"
"2021","29","1","0","0","0","2","1","890","6","30","3","132","65","2","1","1","1","1","0","1","0","1","0","0","7"
"2021","37","1","0","0","0","1","2","1484","6","30","3","125","62","3","1","1","1","1","0","1","0","1","0","0","5"
"2021","32","1","0","0","0","1","2","980","6","27","3","93","62","2","1","0","1","1","0","1","0","1","1","0","47"
"2021","34","1","0","0","0","1","1","1275","5","27","3","115","59","3","1","1","0","0","0","1","0","0","1","0","1"
"2021","28","1","0","0","0","1","1","593","3","23","3","118","62","2","1","0","1","0","1","1","1","1","0","0","1"
"2021","39","1","0","0","0","2","1","720","4","29","3","60","45","3","1","0","1","1","1","1","0","1","1","1","47"
"2021","43","1","0","0","0","1","1","1495","7","27","3","102","65","3","1","1","1","1","1","1","0","1","0","1","24"
"2021","30","0","0","0","1","2","1","990","6","32","2","154","91","2","1","1","0","1","1","1","0","0","0","1","3"
"2021","34","1","0","0","1","1","2","1190","5","32","3","102","65","1","1","1","1","1","0","1","0","1","0","1","15"
"2021","36","1","1","0","0","1","1","1494","6","30","2","112","90","1","1","1","0","1","1","0","0","0","0","1","9"
"2021","43","1","0","0","0","2","2","1200","4","29","3","102","89","2","1","1","1","1","1","1","0","1","0","1","23"
"2021","24","0","1","0","0","2","2","1180","7","29","2","102","87","2","1","1","1","1","0","0","0","1","0","1","35"
"2021","24","0","1","0","1","2","2","1221","7","34","2","102","87","1","1","1","0","0","0","1","0","0","0","1","4"
"2021","31","1","1","0","0","1","2","618","2","25","3","60","45","4","1","1","1","1","1","0","0","1","0","1","40"
"2021","32","1","0","0","1","1","1","1334","7","29","2","115","72","2","1","1","1","1","1","1","0","1","0","1","33"
"2021","28","1","0","0","1","2","1","1119","7","31","2","154","91","1","1","1","0","1","0","1","1","0","0","1","6"
"2021","36","1","1","0","1","2","2","947","6","30","2","102","87","1","1","0","1","1","1","1","0","0","0","1","7"
"2021","38","1","0","0","0","1","2","1225","7","31","2","120","65","1","1","1","1","1","0","1","0","0","0","1","14"
"2021","39","1","0","0","1","2","2","1490","6","31","2","120","65","4","1","1","0","1","0","1","0","0","0","1","7"
"2021","27","0","0","0","0","1","2","982","5","27","3","102","65","2","1","1","1","1","0","1","0","1","0","1","35"
"2021","43","0","1","0","0","2","1","987","7","27","2","105","62","4","1","0","1","1","1","1","0","1","0","1","33"
"2021","28","1","1","0","1","2","1","1245","6","31","2","102","87","1","1","1","1","1","0","1","0","0","0","1","8"
"2021","22","0","0","0","1","2","1","1032","6","31","2","102","87","3","1","1","1","1","0","1","0","0","0","1","11"
"2021","28","0","0","0","1","2","1","987","5","31","3","102","67","3","1","1","1","0","1","1","0","0","0","1","17"
"2021","26","0","1","0","0","2","1","1340","6","31","2","102","87","3","1","1","1","1","0","1","0","0","0","1","9"
"2021","30","0","0","0","0","1","1","1222","6","26","2","102","87","1","1","1","1","1","1","0","0","1","0","1","19"
"2021","25","1","0","0","1","1","1","977","5","27","2","102","87","2","1","1","1","1","1","1","1","0","0","1","23"
"2021","38","0","0","0","1","1","2","1467","7","34","2","154","91","2","1","1","0","1","0","1","0","0","0","1","4"
"2021","28","0","0","0","1","2","1","1256","7","28","2","110","62","1","1","1","1","1","1","1","0","1","0","1","21"
"2021","24","1","1","0","1","2","1","1370","7","32","2","110","60","4","1","1","1","1","0","1","0","0","0","1","10"
"2021","28","0","1","0","1","2","1","970","7","30","2","110","62","4","1","1","1","0","1","1","0","0","0","1","13"
"2021","34","0","0","0","0","2","2","890","5","26","3","110","60","2","1","1","1","1","1","1","0","1","0","1","45"
"2021","23","1","0","0","0","2","2","1120","3","28","3","102","65","1","1","1","1","0","0","1","1","0","0","1","10"
"2021","36","0","0","0","1","1","2","1233","6","27","2","102","87","2","1","0","1","1","1","1","1","0","0","1","28"
"2021","34","0","0","0","0","1","2","1270","7","29","2","110","62","3","1","1","0","1","0","1","0","0","0","1","44"
"2021","32","1","0","0","0","2","1","1382","7","32","2","120","75","1","1","1","1","1","0","1","0","0","0","1","8"
"2021","24","0","1","0","1","2","1","830","6","27","3","115","65","4","1","1","1","0","1","1","0","1","1","0","28"
"2021","25","0","1","0","1","2","2","1360","4","27","3","102","65","4","1","1","1","0","1","1","1","1","1","0","6"
"2021","26","1","0","0","1","2","1","780","4","29","3","102","65","2","1","1","1","0","1","1","0","1","0","0","2"
"2021","25","0","0","0","0","1","1","760","2","25","3","87","57","2","1","1","1","0","1","1","0","1","0","0","2"
"2021","33","0","0","0","0","1","1","695","5","25","3","106","62","3","1","1","1","0","1","1","1","1","1","0","5"
"2021","33","1","0","1","1","2","2","527","3","27","3","85","62","1","1","1","1","0","1","1","1","1","1","0","11"
"2021","27","1","0","0","1","2","1","1119","7","31","2","104","74","1","1","1","1","0","1","1","1","1","1","0","26"
"2021","26","1","0","0","1","2","2","716","4","29","3","85","62","2","1","1","1","0","1","1","0","1","1","0","6"
"2021","33","1","0","0","1","2","1","672","4","29","3","85","62","3","1","0","1","0","1","1","0","1","1","0","2"
"2021","32","1","1","0","0","2","2","1290","4","29","2","105","40","2","1","1","1","0","1","1","0","1","0","0","2"
"2021","27","1","0","0","0","1","1","544","3","22","3","98","62","1","1","0","0","0","1","1","0","0","0","0","1"
"2021","36","0","1","0","1","2","2","990","5","28","3","110","60","2","1","1","1","1","1","0","0","1","0","1","22"
"2021","35","1","1","0","0","2","1","900","9","29","3","115","62","1","1","1","1","0","0","1","0","0","0","1","376"
"2021","37","1","1","0","0","2","1","996","7","28","3","155","87","1","1","1","1","1","1","1","0","1","0","1","34"
"2021","33","1","0","0","0","2","1","1390","7","31","3","109","62","3","1","1","1","1","1","1","0","0","0","1","33"
"2021","33","1","0","0","0","2","1","1490","7","31","2","112","62","3","1","1","1","1","1","1","0","0","0","1","23"
"2021","21","0","0","0","0","1","2","730","2","27","3","56","62","2","1","1","1","1","1","1","0","1","0","1","96"
"2021","32","0","0","1","0","2","2","1436","6","28","2","102","87","2","1","1","1","1","1","0","0","0","0","1","35"
"2021","42","1","1","0","0","2","1","1399","6","32","2","110","60","1","1","1","1","1","0","0","0","0","0","1","7"
"2021","27","1","0","0","0","1","1","925","6","26","3","56","62","3","1","1","1","1","1","1","0","1","0","1","5"
"2021","27","1","0","0","0","1","1","995","5","26","3","56","62","1","1","1","1","1","1","1","0","1","0","1","53"
"2021","34","0","0","0","0","2","2","890","5","26","3","110","60","2","1","1","1","1","1","1","0","1","0","1","47"
"2021","25","0","0","0","0","2","1","995","7","26","2","110","60","3","1","1","1","1","1","1","0","1","0","1","63"
"2021","33","1","1","0","0","2","2","870","4","26","3","105","62","2","1","0","1","1","1","1","0","0","0","1","72"
"2021","38","1","0","0","1","2","1","1140","7","29","2","110","87","2","1","1","1","1","1","1","0","0","0","1","20"
"2021","34","0","1","0","0","2","1","1487","7","33","2","110","87","1","1","1","1","1","0","1","0","0","0","1","16"
"2021","26","0","0","0","0","1","2","996","4","29","3","56","62","1","1","1","1","1","0","1","0","1","0","1","31"
"2021","35","0","0","0","0","2","1","995","4","26","2","95","60","1","1","0","1","1","1","1","1","1","0","1","25"
"2021","21","1","0","0","1","2","1","1476","7","27","2","110","86","2","1","0","1","1","0","1","0","0","0","1","6"
"2021","34","1","0","0","0","2","1","1302","7","28","2","110","62","3","1","1","0","1","0","0","0","0","0","1","8"
"2021","32","1","0","1","0","2","1","1200","6","28","3","56","62","2","1","1","1","1","0","1","0","0","0","0","117"
"2021","18","0","0","0","0","2","1","910","5","28","3","56","63","3","1","1","1","1","0","1","0","1","0","1","15"
"2021","37","1","0","1","0","1","1","1495","7","33","2","110","87","4","1","1","0","1","0","0","0","0","0","1","5"
"2021","42","1","0","0","1","2","2","1420","6","33","2","110","62","3","1","1","0","1","0","0","0","0","0","1","4"
"2021","40","1","1","0","1","2","2","1300","7","31","2","110","87","3","1","1","0","1","0","1","0","0","0","1","5"
"2021","40","0","1","0","0","1","1","875","5","28","3","105","62","1","1","1","1","1","1","1","0","0","0","1","69"
"2021","35","0","0","0","1","2","2","1100","2","33","3","65","70","1","1","1","0","1","0","0","0","0","0","0","0"
"2021","31","0","1","1","0","2","1","790","3","26","3","95","65","1","1","1","1","1","1","1","1","1","1","0","11"
"2021","31","0","1","1","0","2","2","840","3","24","3","56","62","1","1","1","1","0","0","1","1","1","1","0","15"
"2021","26","0","0","0","1","2","2","995","6","26","3","105","62","2","1","1","1","0","0","1","0","0","0","0","5"
"2021","28","1","0","0","0","2","1","570","2","22","3","82","65","4","1","1","0","0","0","1","0","0","0","0","1"
"2021","45","1","0","0","0","1","2","820","5","26","3","145","65","3","1","1","1","1","1","1","0","1","0","1","33"
"2021","35","1","0","0","0","1","2","840","4","25","3","145","65","2","1","1","1","1","1","1","0","1","0","1","43"
"2021","39","0","1","0","0","2","2","530","3","26","3","145","65","4","1","1","1","0","1","1","0","1","1","1","55"
"2021","29","1","0","0","0","2","1","1404","7","32","2","145","65","2","1","1","1","1","1","1","0","1","0","1","14"
"2021","31","1","0","0","0","2","1","990","5","26","3","145","65","2","1","1","1","1","0","1","0","1","0","1","37"
"2021","31","1","0","0","0","2","1","780","5","26","3","145","65","1","1","1","1","1","1","1","1","1","0","1","37"
"2021","38","0","1","0","0","1","1","995","3","26","3","145","65","3","1","1","1","1","1","1","1","1","0","1","22"
"2021","20","0","0","0","0","2","2","1489","7","35","2","102","65","2","1","1","0","1","0","1","0","0","0","1","1"
"2021","40","1","0","0","0","2","2","947","7","27","3","128","65","2","1","0","1","1","1","1","0","1","0","1","29"
"2021","25","1","0","0","0","1","1","1320","7","29","3","128","65","2","1","1","1","1","1","1","0","1","0","1","18"
"2021","27","0","0","0","0","2","1","943","6","32","2","145","64","2","1","1","1","1","0","1","0","1","0","1","21"
"2021","37","1","0","0","0","2","1","1456","7","31","2","134","64","2","1","1","0","1","0","1","0","0","0","1","3"
"2021","36","0","0","1","0","2","2","1143","6","28","2","145","64","4","1","1","1","1","0","0","1","1","0","1","20"
"2021","25","0","0","0","0","1","1","1240","6","26","3","128","64","4","1","1","1","1","1","0","1","1","0","1","13"
"2021","36","1","0","0","0","2","2","1120","6","29","2","102","64","3","1","0","1","1","1","0","1","1","1","1","24"
"2021","19","1","0","0","0","2","1","590","4","25","3","85","64","1","1","0","1","1","1","1","1","1","0","0","65"
"2021","32","1","0","0","0","1","1","1400","7","30","2","120","64","1","1","0","1","1","0","1","0","0","0","1","4"
"2021","18","0","0","0","0","1","1","885","5","27","3","56","64","1","1","0","1","1","1","1","1","1","0","1","37"
"2021","24","1","0","0","0","2","1","1451","7","30","2","145","64","2","1","1","1","1","0","1","1","0","0","1","10"
"2021","30","1","0","0","0","2","2","1382","7","28","2","145","64","1","1","1","1","1","0","1","1","0","0","1","40"
"2021","28","1","0","0","0","1","2","950","4","26","3","128","64","3","1","1","1","1","0","1","0","1","1","1","36"
"2021","28","1","0","0","1","2","1","1383","7","33","2","145","64","1","1","0","1","1","1","1","0","1","1","1","21"
"2021","43","1","0","0","0","2","1","1378","6","29","2","102","64","3","1","1","1","1","0","1","0","1","0","1","9"
"2021","39","1","1","0","0","1","2","1081","4","29","3","85","63","3","0","1","1","1","1","1","0","1","0","1","27"
"2021","38","0","1","0","1","2","1","1378","8","36","2","145","63","2","1","0","0","1","0","0","0","0","0","1","1"
"2021","21","0","0","0","0","1","1","1170","7","28","2","102","63","2","1","0","1","1","0","1","1","0","0","1","9"
"2021","52","1","1","0","1","2","1","990","5","29","2","145","63","2","1","0","1","1","0","1","0","0","0","1","11"
"2021","38","1","0","0","0","2","2","1493","7","30","2","134","63","2","1","1","1","1","0","1","1","0","0","1","5"
"2021","41","1","0","0","1","2","2","1344","7","32","2","145","63","3","1","1","1","1","0","1","0","0","0","1","4"
"2021","39","1","0","0","1","2","2","1406","7","32","2","145","63","3","0","1","1","1","0","1","0","0","0","1","5"
"2021","44","1","0","0","0","2","1","1142","7","27","2","102","63","3","1","0","1","1","1","1","1","1","0","1","28"
"2021","38","1","0","0","0","2","2","1289","7","31","2","135","63","1","1","0","1","1","0","1","1","0","1","1","20"
"2021","35","1","0","0","0","1","2","1495","7","28","2","145","63","2","1","1","1","1","1","1","0","1","0","1","22"
"2021","41","1","1","0","0","2","2","1292","7","33","2","145","63","2","1","1","1","1","0","1","1","0","0","1","13"
"2021","32","1","0","0","0","1","1","1447","3","30","3","36","63","1","1","1","1","1","0","1","0","1","0","1","12"
"2021","26","0","0","0","0","1","1","1370","7","27","2","110","63","2","1","0","1","1","0","1","1","0","0","1","11"
"2021","29","1","1","0","1","2","2","1424","7","32","2","145","62","3","1","1","1","1","0","1","0","0","0","1","5"
"2021","43","1","0","0","0","1","1","680","3","24","3","86","62","3","1","1","1","1","1","1","1","1","0","1","70"
"2021","38","1","0","0","0","2","1","1490","7","31","2","104","62","1","1","1","0","1","0","1","0","0","0","1","3"
"2021","31","0","0","0","0","1","1","1490","7","31","2","145","62","1","1","1","0","1","0","1","0","0","0","1","5"
"2021","40","1","0","0","0","1","2","686","3","24","3","98","62","1","1","1","1","1","0","1","0","1","1","0","40"
"2021","31","0","0","0","0","1","2","570","3","25","3","85","62","1","1","0","0","1","0","1","1","1","0","0","2"
"2021","37","1","0","0","0","1","2","871","4","25","3","85","62","1","1","0","1","1","1","1","1","1","1","0","11"
"2021","41","0","0","0","0","2","1","994","4","26","3","105","62","1","1","1","1","1","1","1","1","1","1","0","7"
"2021","37","1","0","0","0","1","1","840","4","25","3","102","62","1","1","1","1","1","0","1","0","1","1","0","275"
"2021","27","0","0","0","0","1","2","570","2","23","3","85","62","1","1","0","0","1","0","1","1","1","0","0","1"
"2021","35","1","0","0","0","1","1","690","4","24","3","85","62","2","1","0","1","1","0","1","0","1","1","0","6"
"2021","31","0","0","0","0","2","1","590","6","26","3","104","62","2","1","1","1","1","0","1","1","1","1","0","6"
"2021","28","1","0","0","1","1","1","996","5","30","3","98","62","1","1","1","1","0","0","1","0","1","0","0","18"
"2021","29","1","0","0","0","1","2","878","5","25","3","105","61","2","1","0","0","0","0","1","1","1","0","0","1"
"2021","30","0","0","0","1","2","1","1480","5","33","3","98","61","3","1","0","1","0","0","1","1","0","0","0","5"
"2021","36","1","0","1","0","1","2","1200","4","24","3","105","61","3","1","1","1","0","1","1","1","1","0","0","37"
"2021","31","1","0","0","0","1","1","560","4","23","3","115","61","2","1","0","1","0","0","1","1","1","1","0","10"
"2021","18","0","0","0","0","2","1","859","5","27","2","128","61","3","1","1","1","0","0","1","1","1","1","0","13"
"2021","25","0","0","0","0","1","2","770","3","25","3","85","61","1","1","1","1","0","0","1","1","1","1","0","5"
"2022","29","0","0","0","1","2","2","930","7","30","2","118","70","1","1","1","1","1","1","1","0","0","0","1","13"
"2022","41","1","0","0","0","1","2","1490","7","31","2","110","87","3","1","0","0","1","0","1","0","0","0","1","4"
"2022","38","1","1","0","0","2","1","1442","7","31","3","132","75","1","0","1","1","1","0","1","1","1","0","1","21"
"2022","28","0","1","0","0","2","2","1448","7","33","2","110","87","2","1","1","0","1","0","1","0","0","0","1","3"
"2022","40","0","0","0","0","1","1","1430","6","30","3","65","62","4","1","1","1","1","1","1","1","0","0","1","33"
"2022","40","0","0","0","0","1","2","1307","6","30","3","65","62","1","1","1","1","1","1","1","0","0","0","1","33"
"2022","30","0","0","0","0","2","2","1490","7","32","2","118","70","1","1","1","0","1","0","1","1","0","0","1","5"
"2022","30","0","0","0","0","2","2","1470","7","32","2","116","71","1","1","1","0","1","0","1","1","0","0","1","5"
"2022","39","0","0","0","0","1","2","920","6","26","3","125","60","2","1","1","1","1","0","1","1","1","1","1","41"
"2022","28","1","1","0","0","2","2","780","3","26","3","93","62","1","1","1","1","1","0","1","1","1","0","1","51"
"2022","24","1","0","0","1","2","1","1350","7","31","2","152","90","4","1","1","1","1","0","1","1","0","0","1","14"
"2022","33","1","0","1","0","1","2","1281","6","29","2","154","87","1","1","1","1","1","0","1","1","0","0","1","3"
"2022","26","1","0","0","0","1","1","690","6","31","3","132","62","3","1","1","1","1","1","1","1","1","0","1","43"
"2022","41","1","0","0","1","2","2","1490","7","34","2","136","89","2","1","1","0","1","0","1","0","0","0","1","2"
"2022","25","0","0","0","1","2","1","940","7","30","2","110","87","2","1","1","1","1","0","1","1","0","0","1","18"
"2022","31","0","1","0","1","2","2","1460","7","34","2","125","62","3","1","1","1","1","0","1","1","1","0","1","375"
"2022","24","0","1","0","1","2","2","885","6","29","3","93","62","1","1","1","1","1","0","1","1","1","1","1","24"
"2022","21","0","0","0","0","1","2","840","5","26","3","132","62","2","1","0","1","1","1","1","0","1","0","1","45"
"2022","40","1","0","0","0","2","2","995","6","29","3","120","61","1","1","1","1","1","1","1","1","1","0","1","32"
"2022","28","1","1","0","0","2","1","998","6","28","2","118","62","1","1","1","1","1","0","0","0","0","0","1","10"
"2022","22","0","0","0","0","2","1","1190","6","28","2","118","62","2","0","1","1","1","1","1","1","1","0","1","20"
"2022","30","0","0","0","0","1","2","780","5","26","3","141","65","2","0","1","1","1","0","1","1","1","0","1","51"
"2022","24","1","1","0","1","2","1","750","5","28","3","118","62","2","1","1","1","1","0","1","1","1","0","1","20"
"2022","31","1","1","0","0","1","2","1490","6","30","2","125","62","2","1","1","1","1","0","0","1","0","0","1","6"
"2022","36","1","1","0","1","2","2","1210","6","31","2","110","65","3","1","1","1","1","1","0","0","1","1","1","16"
"2022","37","1","0","0","1","2","1","1170","6","31","3","119","88","1","1","1","1","1","0","1","1","0","0","1","12"
"2022","25","0","1","0","1","1","2","1490","6","31","2","145","87","3","1","1","1","1","0","0","0","0","0","1","6"
"2022","22","0","0","0","1","1","2","1472","7","33","2","126","91","2","1","1","1","1","0","0","0","0","0","1","7"
"2022","22","0","0","0","1","1","1","1472","7","33","2","126","91","3","1","1","1","1","0","0","0","0","0","1","3"
"2022","29","1","0","0","1","2","2","1210","6","28","2","118","61","1","1","1","1","1","0","1","0","0","0","1","8"
"2022","23","1","0","0","0","2","1","1390","6","30","2","125","62","1","1","0","1","1","0","0","0","0","0","1","3"
"2022","37","1","0","0","0","2","1","985","7","28","2","118","62","1","1","1","1","1","1","1","0","1","0","1","19"
"2022","33","1","1","0","0","2","1","982","4","27","3","118","62","2","1","1","1","1","0","0","1","1","1","0","2"
"2022","26","0","1","0","1","2","2","503","3","26","3","118","62","3","1","1","1","1","0","0","1","1","1","0","2"
"2022","24","0","0","0","0","1","1","1490","5","29","3","119","62","1","1","1","1","1","1","1","1","1","0","0","15"
"2022","39","1","1","0","1","2","2","540","4","26","3","98","62","3","1","1","1","0","0","1","1","1","1","0","4"
"2022","34","1","0","0","0","2","1","1263","7","28","2","110","87","1","1","0","1","1","1","1","1","1","0","0","24"
"2022","24","0","0","0","0","2","1","545","3","22","3","98","62","1","1","1","0","1","0","0","1","1","0","0","3"
"2022","35","1","0","0","0","1","1","810","5","25","3","93","62","1","1","1","1","1","0","1","1","1","1","0","5"
"2022","23","0","0","0","0","2","2","952","6","28","2","110","87","2","1","1","1","1","1","1","0","1","1","0","19"
"2022","39","0","0","0","0","1","2","800","4","25","2","132","62","1","1","1","0","1","0","1","1","1","0","0","3"
"2022","39","1","0","0","0","1","1","670","3","24","3","112","62","3","1","1","0","0","0","1","0","1","0","0","2"
"2022","40","1","1","0","0","2","2","1240","7","28","2","110","87","3","1","1","1","1","0","0","0","0","0","1","15"
"2022","20","1","0","0","0","2","2","1490","7","31","2","110","85","3","1","1","1","0","0","0","0","0","0","1","15"
"2022","25","0","0","0","0","2","2","1400","7","31","2","110","87","3","1","1","1","0","0","1","0","0","0","1","4"
"2022","25","0","0","0","0","2","2","1445","7","31","2","110","87","3","1","1","1","0","0","1","0","0","0","1","4"
"2022","21","0","0","0","0","2","1","970","5","30","3","125","78","2","1","1","1","0","1","1","0","0","0","1","43"
"2022","39","1","1","0","1","1","1","1490","7","31","2","110","87","1","1","1","1","0","0","1","1","0","0","1","13"
"2022","32","1","0","0","0","2","2","990","6","28","3","102","65","3","1","1","1","1","1","1","0","0","0","1","11"
"2022","39","1","0","1","0","2","2","945","6","28","3","110","87","2","1","1","1","1","1","1","0","1","0","1","41"
"2022","39","1","0","0","0","2","2","790","6","28","3","110","87","2","1","1","0","0","1","1","1","0","0","1","43"
"2022","30","1","1","0","0","1","1","950","6","27","2","110","87","3","1","1","1","1","0","1","0","0","0","1","21"
"2022","28","1","1","0","1","2","2","1200","7","31","2","110","87","2","1","1","1","0","0","1","0","0","0","1","8"
"2022","34","1","0","1","0","2","2","1492","7","30","2","110","87","4","1","1","0","0","0","1","0","0","0","1","3"
"2022","30","0","0","1","0","1","2","680","3","25","3","85","62","3","1","1","1","1","1","1","0","0","0","1","28"
"2022","32","0","0","0","0","2","1","1498","7","29","3","106","70","1","0","1","1","0","1","1","0","0","0","1","23"
"2022","32","0","0","0","0","2","1","1291","7","29","2","106","72","1","0","1","1","0","1","1","0","0","0","1","23"
"2022","21","0","0","0","0","2","2","990","6","28","3","56","62","2","1","0","1","1","1","1","0","0","0","1","10"
"2022","40","1","1","0","0","2","2","1490","7","31","2","154","94","1","1","0","1","1","0","1","0","0","0","1","10"
"2022","21","1","0","0","0","2","2","760","3","26","3","86","62","1","1","1","1","0","0","1","1","1","1","1","40"
"2022","22","0","1","0","0","2","2","998","6","29","3","56","62","2","1","1","1","0","0","1","0","0","0","1","7"
"2022","31","1","0","0","0","2","1","1420","7","30","2","102","70","3","1","0","1","1","0","1","1","1","0","1","10"
"2022","28","0","0","0","0","2","2","1490","7","32","2","110","85","1","1","1","1","0","0","1","0","0","0","1","7"
"2022","22","0","1","0","0","2","2","1470","7","32","2","110","87","2","1","1","1","1","0","0","0","1","0","1","13"
"2022","35","0","1","0","1","2","2","1390","5","32","2","110","87","2","1","1","1","0","0","1","1","0","0","1","8"
"2022","24","0","1","0","1","2","1","680","5","29","3","56","62","3","1","1","1","1","0","1","1","1","1","1","66"
"2022","35","0","0","1","0","2","1","780","5","25","3","89","62","2","1","1","1","1","1","1","1","1","0","1","52"
"2022","25","0","0","0","0","1","2","1490","7","30","2","110","87","1","1","0","0","0","0","0","0","0","0","1","2"
"2022","31","0","0","0","0","2","1","1450","4","31","3","76","80","4","1","1","1","1","1","1","1","1","0","1","21"
"2022","30","0","0","0","0","2","2","1410","7","30","2","110","62","2","1","1","1","1","0","0","0","0","0","1","8"
"2022","37","1","0","0","0","1","2","590","3","24","3","79","62","4","0","1","1","1","1","1","1","0","0","1","20"
"2022","23","0","0","0","0","2","2","1390","7","31","2","110","87","1","1","1","1","1","0","1","0","0","0","1","3"
"2022","23","0","0","0","0","2","2","1290","7","31","2","110","87","3","1","1","1","1","0","1","0","0","0","1","4"
"2022","31","0","0","0","0","2","1","998","5","27","3","110","87","1","1","1","1","1","0","1","0","0","0","1","18"
"2022","22","0","1","0","1","2","1","1120","6","30","3","65","62","2","1","1","1","1","0","1","1","1","0","1","27"
"2022","30","0","0","0","0","1","1","980","5","28","2","118","61","2","1","1","1","1","1","1","1","0","0","1","28"
"2022","23","0","0","0","0","1","2","650","4","25","3","89","62","3","1","1","1","1","1","1","1","1","0","1","34"
"2022","39","1","0","0","0","2","2","990","6","27","2","118","61","1","1","1","1","1","1","1","1","1","0","1","38"
"2022","24","0","0","0","0","2","1","1490","6","30","3","76","80","3","1","1","1","1","1","1","1","1","0","1","22"
"2022","20","0","0","0","0","1","1","1330","4","29","2","110","62","1","1","1","1","0","1","1","1","1","0","1","374"
"2022","30","0","0","0","0","1","1","890","4","26","3","80","62","2","1","1","1","1","1","1","0","1","0","1","31"
"2022","21","0","0","0","0","2","2","992","6","27","3","89","62","1","1","1","1","0","0","1","1","0","0","1","20"
"2022","32","1","0","0","0","1","2","510","2","24","3","60","55","2","1","1","1","1","1","1","0","1","0","1","49"
"2022","27","0","0","0","0","2","2","1240","6","31","3","78","85","2","1","1","1","0","0","0","1","0","0","1","22"
"2022","31","0","0","0","0","2","2","980","6","31","3","78","65","2","1","1","1","1","1","1","1","1","0","1","22"
"2022","21","0","1","0","0","2","1","1480","6","30","2","110","87","3","1","1","1","1","1","1","0","1","0","1","40"
"2022","21","0","0","0","0","1","1","1470","6","30","2","120","65","4","1","1","1","1","0","1","1","0","0","1","9"
"2022","24","1","0","0","0","1","1","1400","7","29","2","104","72","3","1","1","0","1","0","1","1","0","0","1","2"
"2022","35","1","1","0","0","2","1","1490","7","30","2","118","25","1","1","1","1","0","0","1","1","0","0","1","19"
"2022","21","0","0","0","0","2","1","1498","3","30","3","85","62","2","1","1","0","0","0","1","0","1","0","0","2"
"2022","21","0","0","0","0","1","1","890","6","26","3","105","62","1","1","1","1","0","0","1","1","1","1","0","3"
"2022","39","1","1","0","0","2","1","1300","7","31","2","110","87","1","1","0","0","0","0","1","1","1","0","0","13"
"2022","26","1","0","1","0","1","2","590","3","24","3","85","62","1","0","1","1","0","0","1","1","1","0","0","12"
"2022","50","1","0","0","0","2","1","1390","5","28","3","102","65","1","1","0","0","0","0","1","1","1","0","0","2"
"2022","35","1","0","0","0","2","2","710","3","25","3","85","62","1","1","1","1","0","0","1","1","1","0","0","9"
"2022","27","1","0","0","0","2","1","780","4","26","3","79","62","4","1","1","1","0","0","1","0","1","0","0","25"
"2022","34","0","0","0","0","2","2","950","6","31","3","78","65","2","1","1","1","0","0","1","1","1","0","0","5"
"2022","37","1","0","0","1","2","1","650","3","24","3","79","62","1","1","1","1","0","0","1","1","1","0","0","13"
"2022","34","1","0","0","0","2","1","1200","6","28","3","112","62","1","1","1","1","0","0","1","1","1","0","0","2"
"2022","41","1","1","0","0","2","2","1180","7","31","2","110","87","2","1","1","1","0","0","0","0","1","0","0","49"
"2022","33","1","0","0","0","2","1","1498","4","29","3","115","55","2","1","1","1","0","0","1","1","1","0","0","5"
"2022","31","1","0","0","0","2","2","1307","6","30","3","128","62","3","1","1","1","0","0","1","1","1","0","0","6"
"2022","43","1","0","1","0","2","2","560","3","24","3","105","62","4","1","1","1","0","0","0","1","1","0","0","41"
"2022","53","1","0","0","0","1","1","520","3","23","3","89","62","1","1","1","1","0","1","1","0","1","1","0","1"
"2022","40","1","0","0","0","2","2","540","3","23","3","85","62","3","1","1","1","0","0","1","0","0","0","0","0"
"2022","30","0","0","0","0","2","1","1350","7","29","2","134","91","1","1","1","1","1","1","1","0","1","0","1","15"
"2022","25","1","0","0","0","1","1","1170","7","29","2","110","87","4","1","1","1","1","0","1","1","0","0","1","8"
"2022","26","1","0","0","0","1","2","820","4","27","3","85","62","3","1","1","1","1","1","1","1","1","0","1","37"
"2022","27","1","0","0","1","2","2","1230","5","27","2","102","70","2","1","1","1","1","1","1","1","1","0","1","32"
"2022","27","1","0","0","1","2","2","990","5","27","3","128","62","2","1","1","1","1","1","1","1","1","0","1","32"
"2022","26","0","0","0","1","2","2","1170","7","34","2","110","87","2","1","1","0","1","0","1","0","0","0","1","3"
"2022","40","0","0","1","0","2","2","760","5","25","3","128","62","1","1","1","1","1","1","1","0","0","0","1","24"
"2022","26","1","0","0","0","2","2","1249","7","30","2","110","87","1","1","1","1","1","0","1","1","0","1","1","14"
"2022","31","1","1","0","0","2","2","925","5","27","2","110","87","1","0","1","1","1","0","1","1","0","0","1","16"
"2022","42","1","0","0","0","2","1","1460","6","28","2","110","86","2","0","1","1","1","0","0","1","0","0","1","17"
"2022","31","1","0","1","0","2","1","1190","6","27","3","85","62","2","1","1","1","1","1","1","1","0","0","1","21"
"2022","20","0","0","0","0","2","1","940","5","28","3","100","79","3","1","1","1","1","0","1","1","1","0","1","11"
"2022","28","1","0","0","1","2","1","800","5","29","2","110","87","2","1","1","1","1","1","1","0","0","0","1","23"
"2022","44","1","1","0","0","2","2","1146","5","32","2","110","87","4","1","1","1","1","0","1","1","0","0","1","9"
"2022","38","1","1","0","1","2","1","1460","7","33","2","110","87","2","1","1","0","1","0","1","1","0","0","1","3"
"2022","32","1","1","0","0","2","2","910","6","28","3","102","65","2","1","1","1","1","0","1","0","0","0","1","18"
"2022","24","0","0","1","0","2","2","1200","7","29","2","110","86","2","1","1","1","1","0","1","1","0","0","1","6"
"2022","33","0","0","0","0","2","2","1270","7","29","2","110","86","3","1","1","1","1","0","1","1","0","0","1","15"
"2022","28","0","0","0","0","2","1","1490","5","31","2","110","87","2","1","1","1","1","0","1","1","0","0","1","25"
"2022","29","1","0","0","0","2","2","1390","7","31","2","110","87","3","1","1","1","1","0","1","0","0","0","1","9"
"2022","28","0","0","0","1","2","2","1380","7","37","2","140","78","1","1","1","0","1","0","0","1","0","0","1","2"
"2022","20","0","0","0","0","1","2","1490","7","28","2","110","87","4","1","1","1","1","0","0","0","0","0","1","8"
"2022","41","1","1","0","0","2","2","1180","7","31","2","110","87","2","1","1","0","1","0","1","0","0","0","1","4"
"2022","30","1","0","1","0","2","1","1304","7","27","2","110","87","3","1","1","1","1","0","1","0","0","0","1","15"
"2022","31","0","0","0","0","1","1","628","4","24","3","85","62","1","1","1","1","1","1","1","1","1","0","1","39"
"2022","33","1","0","0","1","2","1","1460","6","35","2","106","70","2","1","1","1","1","0","1","0","1","0","1","3"
"2022","33","1","0","0","1","2","2","1420","7","35","2","116","72","2","0","1","1","1","0","1","0","1","0","1","7"
"2022","33","1","1","0","0","2","2","780","5","27","3","89","79","1","1","1","1","1","1","1","0","1","0","1","30"
"2022","35","1","0","0","0","2","2","970","6","27","2","110","87","3","1","1","1","1","0","1","1","1","0","1","15"
"2022","32","1","1","0","0","2","2","1480","6","29","2","110","87","2","1","1","1","1","0","1","0","1","0","1","16"
"2022","32","1","1","0","0","2","2","1230","6","29","2","110","87","1","1","1","1","1","0","1","0","1","0","1","15"
"2022","25","0","0","0","0","2","2","1210","7","33","2","110","87","1","1","1","1","1","0","1","0","0","0","1","25"
"2022","32","1","0","0","0","2","1","1300","7","28","2","132","87","1","0","1","1","1","0","1","0","0","0","1","8"
"2022","29","0","0","0","0","2","1","790","4","30","3","105","66","1","1","1","1","1","1","1","0","1","0","0","4"
"2022","30","0","0","0","0","2","1","995","7","29","2","134","48","1","1","1","1","1","1","1","1","1","0","0","9"
"2022","40","1","0","0","0","1","1","595","4","24","2","105","66","1","1","1","1","1","1","1","0","1","0","0","4"
"2022","30","0","0","0","0","2","2","592","3","23","3","98","62","2","1","1","1","1","1","1","1","1","1","0","21"
"2022","26","1","0","0","0","1","2","545","4","27","3","85","62","3","1","1","1","1","1","1","1","1","1","0","16"
"2022","20","0","0","0","0","1","1","1370","4","27","3","85","59","2","1","1","1","1","1","1","0","1","0","0","3"
"2022","39","1","1","0","1","2","2","1140","6","31","3","76","66","3","0","1","0","1","0","1","1","1","0","0","1"
"2022","27","1","0","1","0","2","2","546","3","23","2","85","57","2","1","1","1","1","1","1","1","1","0","0","9"
"2022","25","0","0","0","0","2","2","580","2","23","3","85","62","1","1","1","1","1","1","1","1","1","1","0","12"
"2022","31","1","0","0","0","1","2","990","3","26","3","79","66","2","1","1","1","1","1","1","1","1","1","0","22"
"2022","21","0","0","0","0","2","2","998","3","26","3","85","62","1","1","1","0","1","1","1","0","1","0","0","1"
"2022","38","1","1","0","1","2","2","610","6","30","3","89","62","1","1","1","1","1","0","1","0","0","0","1","41"
"2022","51","1","0","0","0","2","2","1210","7","27","2","110","62","2","1","1","1","1","0","1","1","0","0","1","20"
"2022","30","0","0","0","0","2","1","998","5","27","3","128","62","1","1","1","1","1","1","1","0","1","0","1","26"
"2022","28","1","0","0","0","1","2","950","5","29","3","89","62","3","0","1","1","1","1","1","1","1","0","1","10"
"2022","28","1","0","0","1","1","2","740","4","29","3","89","62","3","0","1","1","1","1","1","1","1","0","1","10"
"2022","20","0","0","0","0","1","1","740","4","26","3","128","62","3","1","1","1","1","1","1","1","0","0","1","46"
"2022","34","1","0","0","0","2","1","1170","6","30","2","100","62","4","1","1","1","1","0","1","1","0","0","1","4"
"2022","26","0","0","0","0","1","1","1356","7","29","2","144","92","2","1","1","1","1","0","1","1","0","0","1","15"
"2022","32","1","0","0","0","1","2","510","2","24","3","60","55","2","1","1","1","1","1","1","0","0","0","1","50"
"2022","31","0","0","1","0","1","1","870","5","25","3","128","62","3","0","1","1","1","1","1","1","1","0","1","51"
"2022","36","1","1","0","1","2","1","1375","7","32","2","114","72","2","1","1","0","1","0","1","0","0","0","1","5"
"2022","21","0","0","0","0","1","1","950","6","27","3","105","62","2","0","1","1","1","0","1","1","1","0","1","38"
"2022","21","0","0","0","0","1","1","890","6","27","3","103","65","2","0","1","1","1","0","1","1","1","0","1","37"
"2022","41","1","0","0","0","2","1","1410","6","29","3","80","62","2","1","1","1","1","1","1","0","1","0","1","20"
"2022","41","1","0","0","0","2","2","1170","5","29","3","68","62","1","1","1","1","1","0","1","1","0","0","1","16"
"2022","41","1","0","0","0","2","2","998","4","29","3","80","62","1","1","1","1","1","0","1","1","0","0","1","16"
"2022","28","1","0","0","0","1","2","850","4","26","3","128","62","2","1","1","1","1","1","1","0","1","0","1","20"
"2022","18","0","1","0","1","1","1","1120","7","34","2","110","87","3","1","1","1","0","0","1","0","1","1","1","28"
"2022","31","1","0","0","0","1","1","1490","7","28","2","132","87","1","1","1","1","1","0","0","1","0","0","1","5"
"2022","23","0","1","0","0","1","1","1460","7","30","2","130","93","2","1","1","0","1","0","1","0","0","0","1","5"
"2022","39","1","0","0","0","1","2","870","5","28","3","105","62","3","1","1","1","0","1","1","0","0","0","1","30"
"2022","39","1","0","0","0","1","2","790","4","28","3","105","62","3","1","1","1","0","1","1","0","1","0","1","29"
"2022","31","1","0","1","0","2","1","998","5","28","3","103","65","3","1","1","1","1","0","0","1","0","0","1","18"
"2022","22","0","0","0","0","1","2","1200","5","28","2","132","87","3","1","1","1","1","0","1","1","0","0","1","11"
"2022","23","0","0","0","0","2","1","790","3","27","3","69","62","1","1","1","1","1","1","1","1","1","1","1","41"
"2022","31","1","0","0","0","1","2","990","5","28","2","128","61","1","0","1","1","1","0","1","1","0","0","1","370"
"2022","34","0","0","0","1","2","2","980","7","28","2","110","88","1","1","1","1","1","0","1","0","0","0","1","6"
"2022","25","0","1","0","1","2","1","740","5","29","2","110","65","2","0","1","1","1","1","1","1","1","0","1","77"
"2022","26","1","0","0","0","2","1","1100","6","26","2","118","61","3","1","1","1","1","0","1","0","0","1","1","24"
"2022","23","0","1","0","1","2","2","1190","7","30","2","110","62","4","0","1","1","1","0","1","0","1","0","1","7"
"2022","27","0","0","0","0","1","1","510","3","25","3","69","62","2","1","1","1","1","0","0","1","0","0","1","75"
"2022","30","1","0","0","0","1","2","1110","7","29","2","132","87","1","1","1","1","1","0","1","0","1","0","1","11"
"2022","48","1","0","0","0","2","2","810","3","24","3","79","62","1","0","1","1","1","1","1","0","1","1","0","32"
"2022","29","0","0","0","0","1","1","1490","3","30","3","60","55","1","1","1","1","1","1","1","1","1","0","0","5"
"2022","23","1","0","0","0","1","1","740","3","25","3","89","62","2","1","1","0","1","0","1","1","1","0","0","41"
"2022","22","0","0","0","1","2","1","680","3","31","3","60","55","1","1","1","1","1","1","1","1","1","1","0","1"
"2022","31","1","0","0","1","2","1","580","4","26","3","115","58","1","1","1","0","1","1","1","1","1","1","0","21"
"2022","23","0","0","0","0","2","1","509","3","27","3","69","62","1","1","1","1","1","1","1","0","0","1","0","7"
"2022","28","1","0","0","0","1","2","654","3","26","3","69","62","2","1","1","1","1","0","1","1","1","1","0","6"
"2022","19","0","0","0","0","1","1","540","2","22","3","64","62","4","1","1","1","1","0","1","0","0","0","0","0"
"2022","26","1","0","0","0","1","2","785","4","25","3","89","62","3","1","1","1","0","0","1","1","0","0","0","0"
"2022","28","1","0","1","0","1","2","650","3","24","3","60","55","3","1","1","1","0","1","1","1","1","0","0","32"
"2022","27","1","0","0","0","2","1","995","3","26","3","68","62","3","1","1","1","1","0","1","0","1","1","0","4"
"2022","31","1","0","1","0","2","2","690","3","24","3","69","62","2","1","1","1","0","1","1","1","1","0","0","16"
"2023","39","0","1","0","1","2","2","1380","7","32","2","130","77","3","1","1","0","1","0","0","0","0","0","1","7"
"2023","30","1","0","1","0","1","2","960","4","28","3","107","57","1","1","1","1","1","1","1","1","0","0","1","75"
"2023","29","1","0","1","0","2","1","750","6","26","3","119","74","1","1","1","1","1","1","1","1","1","1","1","35"
"2023","34","1","0","1","0","2","1","680","4","26","3","129","59","3","1","1","1","1","1","1","1","0","0","1","35"
"2023","34","1","0","1","0","2","1","630","4","26","3","133","62","3","1","1","1","1","1","1","1","0","0","1","35"
"2023","29","1","1","0","1","2","1","1190","7","31","2","125","88","3","1","1","1","1","0","1","1","1","0","1","22"
"2023","34","1","1","0","0","1","1","1200","6","30","2","134","87","3","1","1","1","1","0","0","0","0","0","1","8"
"2023","37","1","0","0","0","2","2","1445","7","30","2","119","74","3","1","1","1","1","0","0","1","1","0","1","8"
"2023","27","1","0","0","0","2","2","1400","6","29","2","119","74","3","1","0","0","1","0","0","1","0","0","1","4"
"2023","31","1","0","0","0","1","1","1490","7","30","2","119","74","1","1","1","1","1","0","1","0","0","0","1","6"
"2023","31","1","0","0","0","1","2","1395","6","30","3","120","61","1","1","1","1","1","0","0","0","0","0","1","6"
"2023","29","1","1","0","0","2","1","1490","7","31","2","119","74","1","1","1","1","1","0","0","0","0","0","1","5"
"2023","33","1","0","0","1","2","2","1430","7","29","2","119","74","2","1","0","0","0","0","1","0","0","0","1","2"
"2023","27","1","0","0","0","2","1","980","5","27","3","85","62","3","1","1","1","1","1","1","1","1","0","1","19"
"2023","40","1","0","1","0","1","2","842","4","25","3","112","72","1","1","1","1","1","1","1","0","1","0","1","33"
"2023","39","1","0","0","0","1","1","833","4","26","3","130","62","1","1","1","1","0","0","1","1","0","0","1","14"
"2023","27","0","0","0","0","2","1","650","4","23","3","118","61","1","1","1","1","1","0","1","1","1","1","0","11"
"2023","32","0","0","0","0","1","2","1490","7","30","2","123","89","3","1","1","1","1","0","0","1","0","0","1","17"
"2023","33","0","1","0","1","2","1","1280","7","32","2","135","88","1","1","1","1","1","0","0","1","0","0","1","4"
"2023","35","0","1","0","1","2","1","503","4","26","3","115","52","2","0","1","1","1","0","0","1","0","0","1","107"
"2023","41","1","0","0","0","2","1","1490","7","29","2","114","87","4","1","1","1","1","1","0","1","0","0","1","24"
"2023","27","1","0","0","0","1","1","1100","7","29","2","115","87","3","1","1","1","1","1","0","1","0","0","1","21"
"2023","27","1","0","0","0","1","1","1200","6","29","2","115","87","3","1","1","1","1","0","0","1","0","0","1","30"
"2023","29","1","0","0","1","1","1","1280","6","29","3","79","83","1","1","1","1","1","0","0","1","0","0","1","28"
"2023","36","1","0","1","0","1","1","1180","5","27","2","110","74","1","1","1","1","1","0","0","1","0","0","1","8"
"2023","32","0","0","1","0","1","1","1150","6","28","2","120","93","3","1","1","1","1","0","0","1","0","0","1","7"
"2023","39","0","0","0","0","2","2","1433","6","30","2","110","65","4","1","0","0","1","0","1","0","0","0","1","2"
"2023","30","1","0","1","0","1","2","887","6","29","3","115","59","4","1","1","1","1","0","0","1","1","0","1","13"
"2023","29","0","1","0","1","2","1","1410","7","32","2","112","81","3","1","1","0","1","0","0","0","0","0","1","1"
"2023","37","1","0","0","0","2","2","1470","6","29","2","110","59","4","1","1","1","1","0","0","1","0","0","1","8"
"2023","27","1","0","0","0","2","2","1355","6","29","2","110","74","1","1","0","1","1","0","0","0","1","0","1","11"
"2023","41","1","0","0","0","2","1","999","3","30","3","85","59","2","1","1","1","1","0","0","1","0","0","1","4"
"2023","38","1","0","0","0","2","2","1230","7","32","2","110","85","2","1","1","1","1","0","0","0","0","0","1","4"
"2023","31","1","0","0","0","2","1","1250","6","27","2","112","66","2","1","1","1","1","0","0","1","0","0","1","15"
"2023","32","1","0","0","0","2","1","1364","7","29","2","110","65","2","1","1","1","1","0","0","1","0","0","1","4"
"2023","32","1","0","0","0","2","1","1180","7","29","2","110","65","1","1","1","1","1","0","0","1","0","0","1","3"
"2023","24","0","0","0","0","1","2","960","6","28","3","115","83","3","1","1","1","1","1","0","1","0","0","1","18"
"2023","32","1","0","0","0","2","2","1230","7","27","2","110","65","3","1","1","1","1","0","0","1","0","0","1","15"
"2023","34","1","1","0","0","2","1","1308","7","29","2","110","65","3","1","1","1","1","0","0","0","0","0","1","5"
"2023","33","0","0","0","0","2","2","1480","7","30","2","110","65","2","1","1","1","1","0","0","1","0","0","1","4"
"2023","26","0","0","0","0","2","1","1495","7","30","2","110","85","4","1","1","1","1","0","1","0","0","0","1","8"
"2023","27","1","0","0","0","2","1","1490","7","32","2","110","85","1","1","1","0","1","0","1","0","0","0","1","3"
"2023","30","1","0","1","0","2","1","830","3","26","3","85","54","1","1","1","0","1","0","1","1","0","0","1","32"
"2023","29","0","1","0","1","2","1","1410","7","32","2","112","81","2","1","1","0","1","0","1","0","1","0","1","7"
"2023","28","0","0","0","0","1","1","650","4","24","3","85","54","1","1","1","1","1","1","1","0","1","0","1","100"
"2023","39","0","0","0","1","2","2","1350","7","31","2","115","85","3","1","0","0","1","0","1","0","0","0","1","4"
"2023","34","1","1","0","0","2","1","1490","7","30","2","115","85","3","1","1","1","1","0","1","0","0","0","1","8"
"2023","36","1","1","0","0","2","2","1150","5","28","3","115","62","1","0","1","1","1","1","1","1","1","1","1","35"
"2023","27","1","0","0","0","2","1","1270","6","29","2","110","65","3","1","1","0","1","0","1","0","0","0","1","4"
"2023","38","1","0","0","0","2","2","1380","7","32","2","112","85","2","1","1","1","1","0","1","0","0","0","1","22"
"2023","44","1","1","0","1","1","2","1481","8","32","2","118","85","1","1","1","0","1","0","0","0","0","0","1","2"
"2023","27","1","0","0","0","2","2","923","6","30","3","115","79","2","1","1","1","1","0","1","1","1","0","0","4"
"2023","28","0","1","0","0","2","1","580","2","26","3","58","59","3","1","1","1","1","0","1","1","1","0","0","35"
"2023","35","1","0","0","0","1","2","780","4","24","3","115","62","1","1","1","0","1","0","1","0","1","0","0","1"
"2023","40","1","1","0","1","2","2","990","6","29","2","115","66","3","1","1","0","1","0","1","1","1","1","0","2"
"2023","42","1","1","0","1","2","1","503","4","26","3","148","92","2","0","1","1","1","0","0","0","1","0","0","142"
"2023","30","1","0","0","0","2","2","780","4","25","3","115","59","3","1","1","1","1","1","1","1","1","1","0","5"
"2023","45","1","1","0","0","1","1","560","4","26","3","102","59","1","1","1","1","1","0","1","1","1","0","0","13"
"2023","38","1","1","0","0","2","1","630","5","25","3","85","59","1","1","1","1","1","1","1","0","1","0","0","21"
"2023","28","0","0","0","0","2","1","850","4","25","3","115","59","1","1","1","0","1","0","1","1","0","0","0","1"
"2023","24","0","0","0","0","1","1","890","4","26","3","87","61","1","1","1","1","1","0","1","1","1","0","0","4"
"2023","30","0","0","0","0","2","1","780","3","24","3","85","54","3","1","1","1","1","0","1","0","1","0","0","4"
"2023","37","1","0","0","0","2","1","1110","4","28","3","115","62","1","1","1","1","1","0","1","0","1","0","0","4"
"2023","25","0","0","0","0","2","2","1490","7","34","2","119","91","4","1","0","0","1","0","1","0","0","0","1","2"
"2023","28","0","1","0","1","2","1","1260","7","31","2","119","86","2","1","1","1","1","0","1","0","1","1","1","11"
"2023","45","1","0","0","1","2","1","650","3","26","3","94","62","3","1","1","1","1","1","1","1","0","0","1","23"
"2023","35","1","0","0","0","1","1","970","6","26","3","58","59","2","1","1","1","1","0","1","1","0","0","1","17"
"2023","21","0","0","0","0","2","2","1490","7","31","2","110","87","3","0","1","0","1","0","1","1","0","0","1","4"
"2023","40","1","0","0","0","2","2","1490","5","33","2","120","85","2","1","1","0","1","0","1","0","0","0","1","2"
"2023","33","1","1","0","0","2","1","590","4","27","3","115","62","3","1","1","1","1","0","1","0","1","0","1","407"
"2023","32","0","0","0","0","2","1","890","4","28","3","79","75","2","1","1","1","1","1","1","1","0","0","1","13"
"2023","40","1","0","0","0","2","2","1390","6","29","2","110","74","3","1","1","1","1","0","1","0","0","0","1","9"
"2023","40","1","0","0","0","2","2","990","6","29","2","110","74","3","1","1","1","1","0","1","0","0","0","1","9"
"2023","28","1","1","0","1","2","2","1490","7","35","2","161","91","4","1","0","0","1","0","1","0","0","0","1","3"
"2023","32","0","1","0","1","2","2","1390","7","33","2","161","91","4","1","0","0","1","0","1","0","0","0","1","2"
"2023","39","1","0","0","0","2","2","1370","7","29","2","115","87","3","1","1","0","1","0","1","0","0","0","1","3"
"2023","40","1","0","0","1","2","1","650","4","25","3","85","54","1","1","1","1","1","1","1","0","1","1","1","63"
"2023","27","0","0","0","0","2","2","1290","7","32","2","115","87","2","1","1","1","1","0","1","0","0","0","1","5"
"2023","26","0","0","1","0","1","1","890","4","26","3","85","54","1","1","0","1","1","1","1","1","0","0","1","3"
"2023","21","0","0","0","0","2","1","1390","6","28","3","72","62","2","1","0","1","1","0","0","0","0","0","1","3"
"2023","42","1","1","0","0","2","1","1390","5","30","3","118","61","2","1","1","1","1","1","1","0","0","0","1","18"
"2023","38","1","1","0","0","2","2","1488","7","34","2","110","85","3","1","0","0","1","0","1","0","0","0","1","2"
"2023","24","0","0","0","0","1","2","870","4","24","3","115","59","2","1","1","1","1","1","1","0","1","0","1","35"
"2023","28","0","0","0","0","1","1","690","3","24","3","85","54","1","1","1","1","1","1","1","1","1","0","1","95"
"2023","30","1","1","0","0","2","2","1498","7","32","2","135","88","2","1","1","1","1","0","1","0","0","0","1","3"
"2023","27","0","0","0","0","2","2","980","5","26","3","112","72","3","1","1","1","0","1","1","0","1","1","0","7"
"2023","21","0","0","0","0","2","2","1390","6","28","3","72","62","3","1","1","1","1","1","1","1","0","1","0","14"
"2023","47","1","1","0","1","2","1","650","4","27","3","115","62","4","1","1","1","1","1","1","1","1","1","0","45"
"2023","29","1","0","0","1","2","2","504","2","29","3","88","58","1","1","1","0","1","1","1","0","1","0","0","3"
"2023","39","1","1","0","1","2","1","690","5","28","3","79","75","1","1","0","1","1","1","1","0","1","1","0","67"
"2023","24","1","1","0","1","2","1","1250","6","30","2","110","65","1","1","1","0","1","0","0","1","0","0","1","8"
"2023","25","0","0","0","0","1","2","1180","6","27","2","123","89","3","1","1","1","1","1","1","1","1","0","1","27"
"2023","32","1","0","0","0","2","2","960","2","26","3","58","59","2","1","1","1","1","1","1","0","0","1","1","42"
"2023","39","0","0","0","0","2","2","860","4","30","3","115","62","3","1","1","1","1","0","1","1","1","0","1","21"
"2023","45","0","0","0","0","2","2","1230","6","29","2","110","75","3","1","1","1","1","1","0","0","1","0","1","11"
"2023","38","1","0","0","0","2","2","1380","7","32","2","112","91","2","1","1","1","1","0","1","0","1","0","1","17"
"2023","30","0","1","0","0","2","1","1310","7","29","2","113","73","2","1","1","0","1","0","0","0","0","0","1","11"
"2023","28","0","0","0","0","2","1","890","5","25","3","115","59","1","1","1","1","1","1","1","1","0","0","1","66"
"2023","47","1","0","0","0","2","2","850","7","27","2","110","74","1","0","1","1","1","1","1","1","1","0","1","32"
"2023","29","1","0","0","0","2","1","1455","7","29","2","109","73","4","1","1","1","1","0","1","0","0","0","1","14"
"2023","41","1","0","0","0","2","2","1400","7","30","2","119","85","4","1","1","0","1","0","0","1","0","0","1","7"
"2023","36","0","0","0","0","2","2","1429","7","30","2","111","78","1","1","1","1","1","0","0","1","0","0","1","4"
"2023","36","1","0","0","0","2","1","1450","5","28","2","110","74","1","1","1","1","1","0","1","0","0","0","1","4"
"2023","21","0","1","0","1","1","1","610","3","26","3","85","54","1","1","1","1","1","1","1","1","1","0","1","41"
"2023","28","0","0","0","0","2","2","1439","7","30","2","110","65","1","1","1","1","1","0","1","0","1","0","1","13"
"2023","36","0","0","0","0","1","1","1250","7","27","2","123","89","3","1","1","1","1","0","1","1","0","0","1","12"
"2023","35","0","0","0","0","2","2","810","4","28","2","103","62","1","1","0","1","1","1","0","0","0","1","1","10"
"2023","25","0","1","0","0","2","1","1322","7","32","2","122","84","2","1","1","0","1","0","1","0","0","0","1","5"
"2023","40","1","0","0","0","1","1","950","5","26","3","105","54","1","1","1","1","1","1","1","1","0","0","1","21"
"2023","45","1","1","0","0","2","2","990","6","29","2","110","74","2","1","1","1","1","1","0","1","0","0","1","29"
"2023","27","1","0","1","0","1","2","1460","6","29","2","103","89","2","1","1","1","1","1","1","1","1","1","1","21"
"2023","34","1","0","1","0","1","2","502","3","23","3","93","59","3","1","1","1","1","0","0","1","1","0","0","11"
"2023","31","0","0","0","0","1","1","687","1","24","3","45","25","3","1","1","1","1","1","0","1","0","0","0","0"
"2023","32","1","0","0","0","2","2","1200","3","28","3","95","62","1","1","1","1","1","1","0","1","0","0","0","32"
"2023","38","1","0","0","0","2","1","630","3","25","3","85","54","1","1","1","1","1","1","1","1","0","0","0","1"
"2023","38","1","0","0","0","2","1","590","3","25","3","78","45","1","1","1","1","1","1","1","1","0","0","0","1"
"2023","32","1","0","0","0","1","1","750","3","26","3","93","57","1","1","1","1","1","1","0","1","1","0","0","16"
"2023","32","1","0","0","0","1","1","820","3","26","3","93","59","1","1","1","1","1","1","1","1","1","0","0","9"
"2023","44","0","0","0","0","2","2","590","4","25","3","93","59","2","1","1","0","1","1","0","0","0","0","0","1"
"2023","24","0","0","0","0","2","2","1430","6","30","2","111","78","3","1","0","0","1","0","0","1","0","0","0","1"
"2023","28","0","0","0","0","2","2","690","3","25","3","99","57","1","0","1","1","1","0","1","1","1","1","0","27"
"2023","29","1","0","0","0","2","1","630","4","26","3","88","51","1","1","1","1","1","1","0","1","1","1","0","3"
"2023","25","0","0","1","0","1","1","540","4","24","3","101","54","2","1","1","1","1","0","1","1","1","1","0","62"
"2023","34","1","0","0","0","2","1","503","3","24","3","85","35","3","1","1","1","1","1","0","1","1","1","0","6"
"2024","33","1","0","0","0","1","2","1480","7","36","1","129","59","2","1","1","0","0","0","1","0","0","0","1","3"
"2024","33","1","0","0","0","1","2","1490","7","36","1","129","59","2","1","1","0","0","0","1","0","0","0","1","3"
"2024","30","1","1","0","0","2","1","1450","7","33","2","117","58","3","1","1","0","0","0","0","0","0","0","1","4"
"2024","32","1","0","0","1","2","2","990","7","30","2","121","70","3","1","0","1","0","0","0","0","0","0","1","0"
"2024","28","0","1","0","1","2","1","1490","7","33","2","115","59","4","0","1","1","0","0","0","0","0","0","1","6"
"2024","32","0","0","0","0","2","2","1490","7","31","2","119","70","3","1","0","1","0","0","0","0","0","0","1","10-00-00"
"2024","36","1","0","0","0","2","1","1490","7","31","1","127","59","3","1","1","1","0","0","0","0","0","0","1","14"
"2024","27","0","0","1","0","2","1","1290","7","32","2","118","65","3","1","0","0","0","0","0","0","0","0","1","9"
"2024","26","0","0","0","0","2","2","1270","6","29","2","131","85","4","1","1","1","0","0","1","1","0","0","1","8"
"2024","31","0","0","0","0","1","2","1484","7","34","2","144","68","2","1","0","0","0","0","1","0","0","0","1","2"
"2024","26","0","1","0","0","2","2","994","5","30","3","118","74","2","1","1","1","0","0","1","0","0","0","1","20"
"2024","33","1","1","0","0","2","1","1400","7","30","2","129","59","3","1","1","1","0","0","0","0","1","0","1","18"
"2024","36","0","0","0","1","2","2","1300","7","33","2","125","59","2","1","1","1","0","0","0","0","0","0","1","6"
"2024","33","1","0","0","0","2","1","1395","7","30","2","144","93","2","1","1","1","0","0","0","1","0","0","1","7"
"2024","36","1","0","0","0","2","1","1459","5","27","3","118","74","3","1","1","0","0","1","1","1","1","0","1","31"
"2024","22","0","0","0","0","2","1","1480","7","30","2","120","65","1","1","1","1","0","0","0","0","0","0","1","18"
"2024","27","0","0","0","0","2","2","1290","6","29","3","103","84","4","1","0","1","0","0","0","1","0","0","1","15"
"2024","40","0","0","0","0","2","2","680","5","29","3","85","55","2","0","0","1","0","1","0","0","1","1","1","52"
"2024","45","0","0","0","0","1","2","1490","6","31","2","118","59","1","1","1","0","0","0","0","0","0","0","1","7"
"2024","41","1","1","0","0","2","1","1490","6","28","3","115","45","1","1","1","0","0","0","1","1","0","0","1","Negative date ?"
"2024","34","0","0","0","0","1","2","990","6","27","3","94","62","2","1","0","1","0","0","0","1","0","0","1","24"
"2024","21","0","1","0","0","2","2","930","6","30","2","128","59","1","1","1","1","0","1","0","1","0","0","1","51"
"2024","34","1","1","0","0","2","2","1100","5","28","3","115","45","4","1","1","1","0","1","0","1","1","0","1","46"
"2024","23","0","1","0","0","2","2","1470","7","33","2","129","74","2","1","1","1","0","0","1","1","0","0","1","7"
"2024","29","0","1","0","0","2","2","1450","5","32","3","115","54","1","1","1","1","0","0","1","0","1","0","1","12"
"2024","41","1","1","0","0","2","1","1450","7","32","2","129","59","3","0","1","1","0","0","1","0","0","0","1","5"
"2024","37","1","1","0","0","2","1","1290","6","29","3","115","45","2","1","1","1","0","0","1","1","0","0","1","21"
"2024","30","0","1","0","0","2","2","1300","6","30","3","115","45","4","1","1","1","0","0","1","0","0","0","1","21"
"2024","28","0","1","0","1","2","2","1495","7","34","2","127","64","4","1","1","0","0","0","1","0","0","0","1","3"
"2024","30","0","0","0","0","1","1","1480","7","31","2","135","78","4","1","1","0","0","0","0","0","0","0","1","4"
"2024","33","0","0","0","0","2","1","1200","6","29","3","118","74","1","1","0","0","0","0","1","0","0","0","1","43"
"2024","37","0","0","0","0","2","1","690","4","26","3","85","54","2","1","1","1","0","1","0","0","0","0","1","56"
"2024","42","0","0","0","0","1","1","1420","7","31","2","115","59","1","0","1","0","0","0","0","1","0","0","1","8"
"2024","34","0","0","0","0","2","1","1495","9","30","3","85","54","2","1","0","1","0","1","0","0","1","0","1","30"
"2024","27","0","0","0","0","2","2","1490","7","32","2","115","59","3","1","1","1","0","0","0","0","0","0","1","7"
"2024","30","0","0","0","0","2","2","1190","6","30","2","115","59","3","1","1","0","0","0","0","1","0","1","1","29"
"2024","32","0","0","0","0","2","2","1410","6","29","3","85","78","1","1","1","1","0","0","0","0","1","0","1","11"
"2024","20","0","0","0","0","1","1","1120","6","31","3","113","74","2","1","1","1","0","0","0","1","0","0","1","9"
"2024","20","0","0","0","0","1","1","1390","7","31","2","148","81","2","1","1","1","0","0","0","1","0","0","1","9"
"2024","25","0","0","0","0","2","1","1111","6","30","3","116","45","3","1","1","1","0","1","1","1","0","0","1","26"
"2024","29","0","1","0","0","2","1","1470","7","32","2","148","81","1","1","1","1","0","0","1","0","0","0","1","11"
"2024","31","1","0","0","0","1","1","1490","7","29","2","138","78","1","1","1","1","0","0","1","1","0","0","1","16"
"2024","30","1","1","0","1","2","1","1320","7","32","2","125","60","4","1","1","1","0","0","1","0","0","0","1","7"
"2024","28","0","0","0","0","1","1","1350","7","28","2","138","78","2","1","1","1","0","0","1","1","0","0","1","13"
"2024","30","0","0","0","0","1","2","1490","6","31","3","118","74","3","1","1","1","0","0","0","0","0","0","1","20"
"2024","39","1","0","0","0","1","1","945","4","27","3","108","45","1","1","1","1","0","1","1","1","1","0","1","60"
"2024","26","1","0","0","0","2","2","820","4","32","2","115","78","2","1","1","1","0","0","0","0","0","0","1","12"
"2024","35","0","0","0","0","2","1","1450","6","31","3","129","59","2","1","1","1","0","0","1","1","0","0","1","15"
"2024","34","1","1","0","1","2","1","950","6","29","2","98","59","2","1","1","1","0","1","1","1","0","0","1","34"
"2024","39","1","0","0","0","1","1","1490","7","31","2","148","81","3","1","1","0","0","0","1","0","0","0","1","5"
"2024","41","0","0","0","0","2","2","510","4","26","1","164","92","1","0","0","0","0","1","0","1","0","0","1","66"
"2024","41","0","0","0","0","2","1","510","4","26","1","147","89","1","1","1","0","0","0","0","1","0","0","1","64"
"2024","23","0","0","0","0","2","1","970","5","27","1","140","91","1","1","1","0","0","0","0","1","0","0","1","60"
"2024","28","0","0","0","0","2","2","430","3","24","1","140","90","1","0","1","0","0","1","0","0","0","0","1","96"
"2024","23","0","0","0","1","2","1","1450","6","34","2","115","59","1","1","1","1","0","0","0","0","0","0","1","14"
"2024","30","0","0","0","0","2","2","1490","7","31","2","168","91","3","1","1","1","0","0","0","1","0","0","1","10"
"2024","41","0","0","0","0","2","2","510","4","26","3","85","45","3","1","1","1","0","1","0","1","0","0","1","54"
"2024","28","0","0","0","1","2","2","1430","6","34","1","140","90","2","1","1","1","0","0","0","0","0","0","1","6"
"2024","23","0","0","1","0","2","1","970","5","27","3","84","45","3","1","1","1","0","1","0","0","1","1","1","51"
"2024","28","0","0","0","0","2","2","430","3","24","3","84","45","2","1","1","1","0","1","0","0","1","1","1","87"
"2024","36","0","1","0","0","2","1","815","5","28","3","85","54","2","1","1","1","0","1","0","0","1","1","1","49"
"2024","31","0","1","0","0","2","2","1190","7","29","2","138","81","2","1","1","1","0","0","0","0","0","0","1","18"
"2024","35","0","1","0","0","2","2","1470","7","29","2","129","78","1","1","1","1","0","1","0","0","1","0","1","38"
"2024","39","0","1","0","0","2","1","1200","6","32","2","138","81","3","1","0","0","0","0","0","0","0","0","1","4"
"2024","36","0","1","0","0","2","1","815","5","28","3","85","54","2","1","1","1","0","1","1","0","0","1","1","38"
"2024","23","0","0","0","0","2","1","970","5","27","1","115","59","2","1","1","0","0","1","0","1","0","0","1","72"
"2024","37","0","0","0","0","2","1","1495","6","31","2","129","59","1","1","1","0","0","0","1","0","0","0","1","5"
"2024","34","0","1","0","0","2","1","1490","7","30","2","126","81","3","1","1","0","0","0","1","1","0","0","1","6"
"2024","35","1","0","0","0","2","2","950","4","28","3","115","45","1","1","1","1","0","0","1","1","0","0","1","14"
"2024","26","0","1","0","0","2","2","1210","7","31","2","126","81","1","1","1","1","0","0","0","0","0","0","1","21"
"2024","36","1","0","0","0","2","1","1482","6","30","2","118","85","1","0","1","1","0","0","0","1","0","0","1","7"
"2024","25","1","1","0","1","2","2","1480","7","31","2","129","81","1","1","1","1","0","0","1","1","0","0","1","21"
"2024","32","1","1","0","0","2","1","1480","7","30","1","115","69","3","1","1","1","0","0","1","1","0","0","1","8"
"2024","31","1","1","0","0","2","1","1390","6","29","3","115","45","3","1","1","1","0","0","1","1","0","0","1","21"
"2024","34","0","0","0","0","2","2","1280","6","28","2","148","81","2","1","1","1","1","0","1","1","1","0","1","18"
"2024","23","0","0","0","0","2","2","1490","5","30","2","148","81","2","1","1","1","0","0","1","0","0","0","1","12"
"2024","33","1","1","0","0","2","1","990","6","30","2","149","88","2","1","1","1","0","0","1","0","0","0","1","8"
"2024","31","0","0","0","0","2","2","1300","6","32","2","118","92","2","1","1","1","0","0","0","1","0","0","1","9"
"2024","35","0","0","0","0","2","2","1490","7","32","2","114","69","1","1","1","0","0","0","0","0","0","0","1","9"
"2024","21","0","0","0","0","2","1","1190","6","27","2","138","78","2","1","1","1","0","0","0","1","0","0","1","25"
"2024","35","0","1","0","0","2","2","1323","6","29","3","102","45","3","1","1","1","0","0","0","0","1","0","1","18"
"2024","28","0","0","0","0","2","2","850","7","31","1","142","92","3","1","1","0","0","0","1","1","0","0","1","14"
"2024","19","0","0","0","0","2","2","990","5","27","1","92","79","2","1","1","1","0","0","0","0","0","0","1","22"
"2024","37","0","0","0","0","2","1","950","5","27","3","45","115","1","1","1","1","0","0","0","1","1","0","1","62"
"2024","18","0","0","0","0","2","1","530","4","26","3","115","45","3","1","1","1","0","1","0","1","1","1","1","99"
"2024","23","0","0","0","0","2","2","990","6","30","2","148","81","2","1","1","1","0","1","0","0","1","1","1","37"
"2024","21","0","0","0","0","1","2","1470","7","30","0","144","79","2","0","1","0","0","0","1","0","0","0","1","6"
"2024","33","1","0","0","0","1","2","1179","7","28","2","127","81","2","1","1","1","0","0","1","1","1","0","1","8"
"2024","27","1","1","0","0","2","2","1400","6","28","2","138","79","1","1","1","1","0","0","1","1","0","0","1","15"
"2024","41","0","0","1","0","2","1","1200","7","27","2","148","81","3","1","1","1","0","0","1","1","1","0","1","19"
"2024","28","0","0","0","0","1","2","736","4","26","3","115","45","1","1","1","1","0","1","0","1","1","0","1","66"
"2024","34","1","1","0","1","2","1","1430","7","32","2","142","79","4","1","1","0","0","0","1","0","0","0","1","11"
"2024","23","0","1","0","0","2","2","1100","6","30","2","148","55","3","1","1","1","0","0","1","1","0","0","1","21"
"2024","33","0","0","0","0","2","1","1200","6","33","1","130","65","2","1","1","1","0","1","0","1","1","1","1","34"
"2024","35","1","0","0","0","1","2","985","6","26","3","117","54","4","0","1","1","0","1","1","1","0","0","1","21"
"2024","34","0","1","0","0","2","1","905","6","28","3","117","54","3","1","1","1","0","1","0","1","1","0","1","39"
"2024","25","0","1","0","0","2","2","990","6","28","3","115","45","1","1","1","1","0","1","0","1","1","0","1","72"
"2024","36","1","0","0","0","2","1","1310","6","29","3","115","45","3","1","1","1","0","1","0","1","0","0","1","14"
"2024","34","1","0","0","1","2","1","980","6","29","3","115","54","3","1","1","1","0","1","0","0","1","0","1","29"
"2024","25","0","0","0","0","1","1","990","6","28","2","127","59","2","0","1","1","0","0","0","0","0","0","1","25"
"2024","25","0","0","0","0","1","1","1369","5","28","2","115","45","2","0","1","1","0","0","0","0","0","0","1","25"
"2024","29","1","1","0","1","2","1","1325","7","31","2","134","71","4","0","1","1","0","0","0","0","0","0","1","12"
"2024","29","0","1","0","0","2","1","660","5","25","2","115","59","1","1","1","1","0","0","0","1","0","0","1","90"
"2024","36","1","0","0","0","1","2","1360","7","28","2","137","71","4","1","1","1","0","0","0","0","0","0","1","23"
"2024","32","1","0","0","0","1","1","1185","5","28","3","51","43","1","1","1","1","0","1","0","0","0","0","1","19"
"2024","21","0","0","0","0","2","1","790","5","26","1","125","79","2","1","1","0","0","1","0","1","0","0","1","74"
"2024","38","1","1","0","0","2","2","1320","6","29","3","115","49","2","1","1","1","0","0","0","1","1","0","1","23"
"2024","21","0","0","0","0","2","1","790","5","26","3","115","45","3","1","1","1","0","1","0","1","1","1","1","56"
"2024","21","0","1","0","0","2","1","1450","7","31","2","134","71","3","0","1","1","0","0","0","0","0","0","1","13"
"2024","26","0","1","0","0","1","2","1480","7","31","2","134","71","1","1","1","1","0","0","0","1","0","0","1","9"
"2024","39","1","1","0","0","2","2","670","5","26","2","115","56","3","1","0","0","0","0","0","1","1","0","0","2"
"2024","24","1","0","0","0","1","1","620","3","24","3","84","0","2","1","0","1","1","0","0","1","1","1","0","4"
"2024","21","0","0","0","1","1","2","930","3","32","3","85","52","2","1","0","1","1","0","1","1","1","1","0","4"
"2024","42","1","0","1","0","2","1","630","4","24","3","95","0","2","0","0","0","0","0","0","0","0","0","0","1"
"2024","37","1","1","0","1","2","2","930","6","31","2","72","30","3","1","0","1","0","0","0","1","1","0","0","5"
"2024","20","0","0","0","0","1","1","650","4","24","3","85","55","1","1","0","1","1","1","1","1","1","1","0","31"
"2024","33","1","0","0","1","2","2","650","5","27","3","105","53","1","1","0","1","1","0","1","1","1","1","0","4"
"2024","37","1","0","0","0","2","2","850","4","25","3","103","0","1","1","0","1","1","1","0","1","1","1","0","6"
"2024","24","0","1","0","1","2","1","950","5","30","2","138","53","4","1","0","1","1","1","0","0","1","1","0","33"
"2024","28","0","0","1","0","2","1","630","5","24","3","103","50","1","1","0","1","1","1","0","1","1","0","0","25"
"2024","33","1","1","0","1","2","2","450","3","26","3","84","45","1","1","0","1","1","0","1","1","1","1","0","5"
"2024","31","1","0","0","0","2","1","1200","7","28","3","105","60","1","0","0","1","1","0","0","0","1","0","0","2"
"2024","35","1","0","0","0","2","1","1170","2","32","3","85","60","1","1","0","1","0","0","1","0","0","1","0","42"
"2024","34","1","1","0","0","2","2","950","5","29","3","85","50","1","1","0","1","0","1","1","1","1","1","0","31"
"2024","31","1","0","0","0","1","2","650","4","26","3","103","0","1","1","0","1","1","1","0","1","1","0","0","14"
"2024","35","1","1","0","0","2","1","1200","5","29","2","84","61","1","1","0","1","0","0","1","0","1","0","0","8"
"2024","30","0","0","0","1","1","2","990","6","31","3","103","48","1","1","0","1","1","1","0","0","1","1","0","53"
"2024","25","0","0","0","0","2","1","990","5","29","3","102","59","1","1","0","1","0","1","0","1","1","1","0","9"
"2024","29","1","1","0","1","2","1","615","4","25","3","85","52","1","1","0","1","1","0","1","1","1","1","0","4"
"2024","30","1","0","1","0","2","2","580","4","24","3","84","0","1","1","0","1","1","1","0","1","1","1","0","9"
"2024","35","0","0","0","0","2","1","680","4","31","3","105","42","2","1","0","1","0","0","0","1","1","0","0","3"
"2024","33","1","0","0","0","2","1","520","3","26","3","84","0","2","1","0","0","0","0","0","1","0","0","0","0"
"2024","39","1","1","0","0","1","2","920","5","27","3","85","38","2","1","0","1","1","0","0","1","1","0","0","2"
"2024","34","0","0","0","0","1","2","1495","7","30","2","115","64","1","1","0","1","1","0","0","1","0","0","0","3"
"2024","43","1","0","0","0","2","1","550","3","29","3","105","48","2","1","0","1","1","0","1","1","1","1","0","4"
"2024","28","0","0","0","0","2","2","480","3","27","3","173","50","2","1","0","1","1","0","1","1","0","1","0","34"
"2024","31","0","1","0","1","2","2","694","4","24","3","85","40","3","1","0","1","1","0","1","1","1","0","0","10"
"2021","38","1","0","0","1","2","1","1378","8","36","2","146","80","2","1","0","0","1","0","0","0","0","0","1","1"
"2021","39","1","1","0","0","2","1","1480","7","29","2","160","88","2","1","0","1","1","1","1","0","1","0","0","12"
"2021","35","1","1","0","0","2","1","988","5","29","2","140","92","1","1","1","1","0","0","1","0","1","0","0","2"
"2021","42","1","0","0","1","2","2","988","6","31","3","140","90","2","1","0","1","0","0","1","0","0","0","0","5"
"2021","23","1","0","0","0","1","1","683","3","24","3","101","82","2","1","1","1","0","0","1","0","1","0","0","2"
"2021","35","1","0","0","0","1","1","739","5","26","3","151","88","3","1","1","1","0","0","1","0","1","0","1","28"
"2021","39","1","0","0","0","1","1","1485","7","30","3","115","82","1","1","1","1","0","0","1","0","1","1","0","11"
"2021","29","1","0","0","1","2","2","1478","6","33","3","110","86","3","1","1","1","0","0","1","0","1","0","0","2"
"2021","25","1","0","0","0","2","1","978","6","27","3","142","88","1","1","0","0","0","0","1","0","1","0","0","61"
"2021","27","1","0","0","0","1","1","954","6","28","3","140","91","1","1","1","1","0","0","1","0","1","0","0","5"
"2021","27","1","0","0","0","1","1","968","4","28","3","138","91","1","1","0","1","1","0","1","0","1","0","0","4"
"2021","21","1","0","0","0","1","2","1494","7","37","3","141","88","3","1","0","1","0","0","1","0","1","1","0","3"
"2021","38","1","0","0","0","1","1","732","4","27","3","78","81","2","1","0","1","0","0","1","0","1","0","0","5"
"2021","44","1","0","0","0","2","2","637","4","24","3","130","82","3","1","0","1","0","0","1","0","1","0","0","6"
"2021","33","1","1","0","1","2","2","957","7","28","2","140","93","1","1","0","1","0","1","1","0","1","1","0","33"
"2021","42","1","0","0","0","1","1","685","4","26","3","62","82","2","1","1","1","0","0","1","0","1","1","0","36"
"2021","49","1","1","0","0","2","2","732","6","27","3","124","88","1","1","0","1","0","0","1","0","1","0","0","2"
"2021","26","1","0","0","0","2","1","934","4","27","3","98","82","3","1","0","1","0","0","1","0","0","0","1","12"
"2021","25","1","0","0","0","2","1","649","3","26","3","104","81","1","1","1","1","0","0","1","1","1","0","0","3"
"2021","31","1","0","0","0","2","1","968","6","28","3","138","82","1","1","0","1","0","0","1","0","1","1","0","9"
"2021","28","1","0","0","0","1","2","731","5","25","3","124","80","3","1","1","1","0","0","1","0","1","0","0","3"
"2021","35","1","0","0","0","1","1","987","4","28","3","108","82","3","1","1","1","0","0","1","0","1","0","0","2"
"2021","39","1","0","0","0","2","1","986","4","26","3","82","80","1","1","0","1","0","0","1","0","1","0","0","2"
"2021","28","1","0","0","0","2","2","922","5","28","3","98","81","2","1","0","1","0","0","1","1","0","0","1","19"
"2021","29","1","0","0","0","1","2","970","4","27","3","72","80","2","1","1","1","0","0","1","0","0","1","0","9"
"2021","43","1","0","0","0","1","2","739","4","25","3","72","81","3","1","1","1","0","0","1","0","1","0","0","0"
"2021","24","1","0","0","0","2","2","986","4","28","3","121","82","1","1","0","1","0","0","1","0","0","0","0","2"
"2021","45","1","0","0","0","1","2","905","3","27","3","82","80","2","1","1","1","0","1","1","0","1","0","0","11"
"2021","38","1","0","0","0","1","1","640","3","25","3","74","81","4","1","1","1","0","0","1","0","1","0","0","32"
"2021","47","1","0","0","0","2","1","996","6","28","3","82","80","1","1","0","1","0","0","1","0","1","0","0","2"
"2021","36","1","0","0","0","2","1","740","4","27","3","104","80","3","1","0","1","1","1","1","0","0","0","0","42"
"2021","23","1","0","0","0","2","1","734","3","27","3","50","82","4","1","0","1","1","1","1","0","0","0","0","10"
"2021","34","1","0","0","0","1","1","955","2","28","3","82","90","4","1","0","1","1","1","1","0","0","0","0","4"
"2021","24","1","0","0","0","1","1","915","4","26","3","101","82","1","1","1","1","1","1","1","0","0","0","0","5"
"2021","27","1","0","0","0","2","2","727","3","25","3","89","82","1","1","0","0","1","1","1","0","0","0","0","1"
"2021","43","1","1","0","0","2","1","911","3","28","3","72","90","2","1","0","1","1","0","1","0","0","1","0","5"
"2021","29","1","0","1","0","2","2","727","5","24","3","72","82","2","1","1","1","0","0","1","0","0","1","0","Error in Data"
"2021","34","1","1","0","0","2","1","730","4","35","3","68","52","2","1","1","1","1","0","1","0","0","0","0","4"
"2021","29","1","0","0","0","1","1","749","4","27","3","101","82","1","1","0","1","1","1","1","0","0","0","0","2"
"2021","18","1","0","0","0","1","1","992","3","28","3","82","90","1","1","1","1","1","1","1","0","0","0","0","58"
"2021","25","1","1","0","0","2","1","719","4","27","3","68","56","2","1","1","1","1","1","1","0","0","0","0","6"
"2021","22","1","0","0","0","2","2","740","3","27","3","72","82","3","1","1","1","1","1","1","0","0","0","0","1"
"2021","37","1","0","0","0","2","2","920","3","27","3","72","82","3","1","1","1","1","1","1","0","0","0","0","1"
"2021","19","1","0","0","0","1","2","952","3","27","3","82","78","3","1","0","1","1","1","1","0","0","0","0","1"
"2021","30","1","0","0","0","2","1","965","6","28","3","102","68","2","1","1","1","0","0","1","0","1","1","0","7"
"2021","45","1","0","0","0","2","1","927","3","28","3","64","56","2","1","1","1","0","1","1","0","1","0","0","6"
"2021","36","1","0","0","1","2","2","660","5","27","3","80","96","3","1","1","1","0","0","1","0","1","0","0","2"
"2021","25","1","0","0","0","2","2","808","4","24","3","84","70","2","1","0","0","0","0","1","1","0","0","0","1"
"2021","38","1","0","0","1","2","2","730","4","26","3","70","70","4","1","0","1","0","0","1","0","0","0","0","2"
"2021","46","1","0","0","0","1","1","960","3","24","3","82","78","1","1","1","0","0","0","1","0","0","0","0","0"
"2021","31","1","0","0","0","2","1","907","4","29","3","76","62","1","1","0","1","0","0","1","0","0","1","0","5"
"2021","42","1","0","0","0","2","2","965","4","27","3","72","51","3","1","0","1","0","0","1","0","1","1","0","12"
"2021","44","1","0","0","0","2","1","636","3","25","3","79","78","3","1","0","1","0","0","1","0","0","1","0","6"
"2021","45","1","0","0","0","1","1","910","4","26","3","102","85","3","1","0","1","0","0","1","0","1","0","0","2"
"2021","26","1","0","0","0","2","1","974","3","29","3","82","68","1","1","1","0","0","0","1","0","1","0","0","0"
"2021","41","1","1","0","0","2","2","1460","6","32","3","128","81","4","1","0","1","0","1","1","1","1","0","0","15"
"2021","29","1","0","0","0","2","2","910","4","26","3","71","52","1","1","1","1","0","0","1","0","1","0","0","2"
"2021","20","1","0","0","0","2","2","1493","5","29","3","82","82","3","1","1","0","0","0","1","0","0","0","0","2"
"2021","18","1","0","0","0","2","1","738","4","27","3","101","82","4","1","0","1","0","0","1","0","1","1","0","16"
"2022","44","1","0","0","1","2","2","744","5","26","3","80","78","1","1","0","0","1","0","1","0","0","0","0","1"
"2022","26","1","0","0","1","2","2","710","5","25","3","90","78","3","1","1","0","0","0","1","0","0","0","0","1"
"2022","40","1","0","0","1","1","1","1492","2","29","3","54","46","1","1","1","0","1","1","1","0","0","0","0","1096"
"2022","18","0","0","0","1","1","1","995","4","30","3","78","71","3","1","1","0","1","0","1","0","0","0","0","2"
"2022","39","1","1","0","1","2","2","1465","7","31","2","110","80","1","1","1","1","1","0","1","0","0","0","0","11"
"2022","30","1","0","0","1","1","1","975","2","28","3","68","90","4","1","0","0","1","0","1","0","0","0","0","1"
"2022","24","0","1","0","1","1","1","932","4","28","3","72","90","1","1","1","1","1","0","1","0","0","0","0","9"
"2022","29","0","0","0","1","1","1","915","4","37","3","84","82","4","1","1","0","1","0","1","0","0","0","0","0"
"2021","20","1","0","0","1","1","1","1480","8","29","2","108","92","3","1","0","1","1","0","1","0","0","0","1","49"
"2021","34","0","1","0","0","2","2","957","5","28","3","65","62","3","0","0","1","1","0","1","0","0","0","1","33"
"2021","19","0","0","0","0","1","1","1100","5","28","3","65","62","1","1","0","1","1","0","1","0","0","0","1","51"
"2021","33","0","0","0","0","1","1","987","3","28","3","66","60","1","1","0","1","1","0","1","0","0","0","1","51"
"2022","31","1","0","0","1","2","2","1420","6","30","2","108","90","1","1","0","1","1","0","1","0","0","0","1","13"
"2022","21","1","0","0","0","2","1","1460","6","30","2","105","90","1","1","0","1","1","0","1","0","0","0","1","13"
"2022","48","1","0","0","0","2","2","1493","7","33","2","108","91","3","1","0","1","1","0","1","0","0","0","1","13"
"2022","39","1","1","0","1","2","2","1487","7","32","2","115","93","3","1","0","0","1","0","1","0","0","0","1","7"
"2022","35","1","0","0","1","1","1","615","2","29","3","45","42","3","1","0","1","1","0","1","0","0","0","1","87"
"2022","45","1","0","0","0","2","1","1420","7","31","2","114","90","2","1","0","0","1","0","1","0","0","0","1","6"
"2022","28","1","0","0","0","2","2","1497","7","31","2","112","90","3","1","0","0","1","0","1","0","0","0","1","6"
"2022","37","1","0","0","0","2","1","987","6","28","3","108","65","3","0","0","1","1","1","1","0","0","0","1","25"
"2022","35","1","1","0","1","2","1","985","6","30","2","108","90","1","1","0","1","1","0","1","0","0","0","1","59"
"2022","25","0","0","0","0","2","2","1200","5","28","3","72","56","2","1","0","1","1","0","1","0","0","0","1","31"
"2022","23","1","0","0","1","2","1","745","3","30","3","76","91","3","1","0","1","1","0","1","0","0","0","1","30"
"2022","41","1","0","0","0","2","2","1475","6","29","3","126","87","1","1","0","1","1","0","1","0","0","0","1","19"
"2022","31","1","0","0","0","2","1","1200","7","32","3","90","91","2","1","0","1","1","0","1","0","0","0","1","14"
"2022","26","1","1","0","1","2","2","1495","7","34","2","120","91","3","1","0","0","0","0","1","0","0","0","1","5"
"2022","38","1","1","0","1","2","2","1481","5","32","2","56","80","2","1","0","0","1","0","1","0","0","0","1","10"
"2022","24","1","0","0","0","2","1","1271","7","33","2","120","90","2","1","0","0","1","0","1","0","0","0","1","3"
"2022","21","1","0","0","0","2","1","920","3","28","3","56","80","3","1","0","1","1","1","1","0","0","0","1","43"
"2022","41","1","0","0","0","2","2","970","5","27","3","71","62","1","1","1","1","1","0","1","1","0","0","1","38"
"2023","46","1","0","0","0","2","2","1425","6","35","3","86","66","1","1","0","1","1","0","1","1","1","0","0","2"
"2023","23","1","0","1","1","2","2","888","6","33","3","120","70","3","1","0","1","1","1","1","1","1","1","0","13"
"2023","33","1","0","0","0","1","2","1489","7","30","2","120","71","2","1","0","1","1","0","1","0","0","0","1","3"
"2023","22","0","0","0","0","2","2","1425","6","30","2","119","68","1","1","1","1","1","1","1","0","0","1","1","36"
"2023","35","0","0","0","0","2","2","597","4","30","3","65","62","1","1","1","1","1","1","1","0","1","1","1","67"
"2023","21","0","0","0","0","1","2","1472","6","30","3","120","76","1","1","1","1","1","0","1","1","1","0","1","15"
"2023","35","1","1","0","0","2","1","696","5","28","3","93","80","3","1","0","1","1","1","1","0","0","0","1","22"
"2023","47","1","0","1","1","2","2","1489","7","32","3","120","65","1","1","0","1","1","0","1","0","0","0","1","3"
"2023","23","1","0","1","1","2","2","1130","7","32","3","120","70","1","1","0","1","1","0","1","0","1","0","1","3"
"2023","34","0","0","0","0","1","2","1440","5","31","3","70","80","3","1","0","1","1","1","1","1","0","0","1",""
"2023","38","1","0","1","0","2","2","1470","4","32","2","120","72","3","1","0","1","1","1","1","0","0","0","1","2"
"2023","29","0","0","0","0","2","2","1298","7","29","3","120","53","1","1","0","1","1","0","1","0","0","0","1","7"
"2023","27","0","0","0","0","2","2","900","4","28","3","93","62","4","1","0","1","1","0","1","1","1","0","1","39"
"2023","36","0","0","0","0","2","1","888","3","28","3","93","62","1","1","0","1","1","0","1","0","0","0","1","64"
"2023","31","1","0","0","0","2","2","960","4","28","3","93","80","4","1","0","1","1","1","1","1","1","0","1","33"
"2023","28","0","0","0","0","1","2","1325","5","29","2","120","94","1","1","0","1","1","0","1","0","0","0","1","36"
"2023","25","1","0","0","0","1","2","1410","5","30","3","70","59","1","1","0","1","1","0","1","0","0","0","1","60"
"2024","45","1","0","0","0","1","2","989","6","28","3","101","80","3","1","1","1","0","1","1","1","1","0","0","10"
"2024","39","1","1","0","0","2","2","1190","5","28","3","134","62","1","1","1","1","0","0","1","0","0","0","1","13"
"2024","30","1","0","0","0","2","1","1450","7","33","3","120","90","3","1","0","1","0","0","1","0","0","0","1","4"
"2024","48","0","0","0","0","2","2","1360","6","30","2","140","90","3","1","0","1","0","0","0","0","0","0","1","5"
"2024","30","0","0","0","0","1","2","997","5","28","3","101","62","4","1","1","1","0","0","0","1","0","0","1","13"
"2024","29","1","0","0","1","2","1","1260","7","30","2","168","92","4","1","0","1","0","0","0","0","0","0","1","12"
"2024","33","1","1","0","0","2","2","1480","7","31","2","120","90","4","1","0","0","0","0","1","1","0","0","1","7"
"2024","21","0","1","0","0","2","2","1155","4","27","2","119","90","1","1","1","1","0","0","0","1","0","0","1","32"
"2021","22","1","0","0","0","2","1","1300","3","27","3","155","85","1","1","1","0","0","0","1","0","0","1","1","31"
"2021","35","1","0","0","0","1","2","1325","5","28","2","108","94","2","1","0","1","0","1","1","0","0","0","1","1"
"2021","19","0","0","0","0","1","2","1305","1","29","3","10","20","1","1","0","0","0","0","0","0","0","0","0","0"
"2021","40","1","1","0","0","2","1","1390","6","30","3","145","90","1","1","0","1","0","0","1","0","1","1","0","14"
"2021","19","0","1","0","0","1","1","1355","6","30","2","149","86","3","1","0","0","0","0","1","0","0","0","0","7"
"2021","30","0","0","0","0","1","1","1030","4","31","3","145","87","3","1","0","0","0","0","1","0","0","0","0","5"
"2021","35","0","0","1","0","1","1","670","3","25","3","70","62","2","1","0","0","0","0","1","0","0","0","0","3"
"2021","20","1","1","1","1","1","2","950","4","26","3","138","75","2","1","0","0","0","0","1","0","0","0","0","4"
"2021","39","1","1","0","0","2","2","780","5","26","3","90","80","1","1","0","1","0","1","1","0","0","0","0","47"
"2021","25","0","1","0","0","2","1","1330","7","30","3","128","85","4","1","0","0","0","0","1","0","0","0","0","17"
"2021","24","1","1","0","0","2","2","950","4","27","3","130","85","3","1","0","1","0","0","1","0","0","1","0","2"
"2024","29","1","0","1","0","1","1","889","5","26","3","161","62","2","1","1","1","0","1","1","0","1","0","0","11"
"2024","27","0","0","0","0","2","2","503","4","23","3","65","62","2","1","1","1","0","0","1","1","1","1","0","20"
"2024","22","0","0","0","0","2","1","1350","7","30","2","158","92","1","1","1","1","0","1","1","1","0","0","0","2"
"2024","28","0","1","0","0","2","2","490","3","27","3","146","90","1","1","1","1","0","0","1","1","1","1","0","14"
"2024","35","1","1","0","0","2","2","1000","5","29","3","105","80","2","1","1","1","0","1","1","1","1","1","0","7"
"2024","32","1","0","0","0","2","1","1470","7","32","3","112","95","2","1","1","1","0","0","1","0","0","0","1","2"
"2024","37","0","1","0","0","2","1","510","3","25","3","50","80","3","1","1","1","0","0","1","1","1","1","0","19"
"2024","30","0","1","0","0","2","1","737","4","28","3","55","90","3","1","1","1","0","0","1","1","1","1","0","3"
"2024","37","1","0","0","0","1","2","930","4","26","3","110","72","2","1","1","1","0","0","1","1","1","1","1","28"
"2024","21","0","0","0","1","1","2","1490","6","32","2","105","93","3","1","1","1","0","1","1","0","0","0","1",""
"2024","20","1","1","0","1","2","1","1405","6","33","2","109","90","2","1","1","1","0","0","1","0","0","0","1","4"
"2024","29","0","0","0","0","1","2","1400","6","28","3","93","58","3","1","1","1","0","1","1","1","1","0","1","30"
"2024","23","1","1","0","0","2","1","980","6","31","2","100","90","1","1","1","1","0","1","1","0","0","0","1","37"
"2024","29","1","0","0","0","2","2","1245","6","29","3","93","58","1","1","1","1","0","1","1","1","0","0","1","6"
"2024","35","1","1","0","0","1","1","1482","6","31","2","105","92","2","1","1","0","0","0","1","0","0","0","1","3"
"2024","41","1","1","0","0","2","1","1450","6","30","2","94","59","1","1","1","1","0","1","1","0","1","0","1","45"
"2024","38","0","0","0","0","2","2","1416","5","28","2","104","59","3","1","1","1","0","1","1","1","0","0","1","7"
"2024","44","1","1","0","1","2","2","922","6","29","3","93","58","1","1","1","1","0","1","1","0","1","0","1","26"
"2024","44","1","1","0","1","2","2","940","6","29","3","93","56","1","1","1","1","0","1","1","0","1","0","1","19"
"2024","27","0","1","0","1","2","1","715","5","28","2","70","90","3","1","1","1","0","0","1","1","1","1","0","36528"
"2024","25","0","1","1","0","2","1","1455","6","30","2","103","90","1","1","1","1","0","1","1","0","0","0","1","7"
"2024","25","0","1","1","0","2","1","1393","5","30","2","94","72","1","1","1","1","0","0","1","0","0","0","1","7"
"2024","34","1","1","0","0","2","2","1495","7","34","2","112","90","2","1","1","1","0","0","1","0","0","0","1","2"
"2024","28","0","0","0","0","1","2","1434","7","32","2","111","92","1","1","1","1","0","0","1","0","0","0","1","1"
"2024","37","0","0","1","0","2","2","1280","5","28","3","84","72","3","1","1","1","0","1","1","0","1","0","1","30"
"2024","34","1","1","0","1","2","1","720","4","29","3","78","72","1","1","1","1","0","0","1","0","1","0","0","8"
"2024","34","1","0","0","0","2","1","1325","3","28","2","78","62","2","1","1","1","0","1","1","0","1","0","1","12"
"2024","32","1","0","0","1","2","1","1492","7","34","2","110","91","1","1","1","0","0","0","1","0","1","0","1","2"
"2024","37","1","0","0","0","2","1","1480","7","32","2","115","92","2","1","1","1","0","0","1","0","0","0","1","23"
"2024","38","1","1","0","0","2","2","1400","6","30","3","94","59","1","1","1","1","0","1","1","0","1","0","1","19"
"2024","44","0","0","0","0","2","1","1440","6","32","2","120","90","3","1","1","1","0","0","1","0","0","0","1","29"
"2024","31","1","1","0","0","2","1","1335","5","29","3","78","58","1","1","1","1","0","0","1","1","1","1","0","8"
"2024","36","1","0","0","0","2","1","707","4","28","3","78","72","3","1","1","1","0","0","1","1","1","1","0","12"
"2024","24","0","0","0","0","1","1","1470","7","30","2","103","90","2","1","1","1","0","1","1","1","0","0","1","3"
"2024","21","1","0","1","0","2","2","970","4","26","3","79","62","3","1","1","1","0","1","1","1","0","0","1","28"
"2024","22","0","1","0","1","2","2","1485","7","34","2","112","91","4","1","1","1","0","1","1","0","0","0","1","1"
"2024","30","0","1","0","1","2","2","1485","7","34","2","120","90","1","1","1","0","0","0","1","0","0","0","1","2"
"2024","27","0","1","0","0","2","2","992","5","29","2","104","91","1","1","1","1","0","1","1","0","1","0","1","128"
"2024","35","0","1","0","0","2","2","1445","7","30","2","122","90","3","1","1","1","0","1","1","0","0","0","1","5"
"2024","29","0","0","0","0","1","1","705","4","27","3","78","72","3","1","1","1","0","1","1","1","1","0","1","27"
"2024","33","1","0","0","0","2","2","1325","7","29","2","104","92","2","1","1","1","0","1","1","0","0","0","1","5"
"2024","27","1","1","0","0","2","1","1486","7","32","2","104","91","2","1","1","1","0","1","1","0","0","0","1","14"
"2024","24","0","1","0","0","2","1","975","5","31","3","94","72","3","1","1","1","0","1","1","0","1","0","1","19"
"2024","20","1","0","0","0","2","2","1492","7","33","2","104","91","3","1","1","1","0","0","1","0","0","0","1","9"
"2024","23","0","0","0","0","1","1","1490","6","29","3","95","59","2","1","1","1","0","1","1","0","1","0","1","10"
"2024","40","1","0","0","0","1","1","691","3","25","3","68","70","1","1","1","1","0","0","1","0","1","0","0","6"
"2024","27","1","1","0","1","2","2","1400","7","35","2","120","90","2","1","1","1","0","1","1","0","1","0","1","32"
"2024","27","1","0","0","0","1","2","740","4","27","3","78","72","4","1","1","1","0","1","1","1","1","1","0","21"
"2024","35","1","1","0","0","2","1","1340","6","30","2","105","91","1","1","1","1","0","1","1","0","1","0","1","9"
"2024","31","1","1","0","1","2","2","620","5","30","3","104","63","2","1","1","1","0","1","1","1","1","0","1","37"
"2024","38","0","0","0","0","1","1","675","3","26","3","68","70","2","1","1","1","0","1","1","1","1","1","0","17"
"2024","38","0","0","0","0","1","1","670","3","26","3","70","69","2","1","1","1","0","1","1","1","1","1","0","8"
"2024","41","1","0","0","0","1","2","1481","7","32","2","120","90","1","1","1","0","0","0","1","0","0","0","1","2"
"2024","29","1","0","0","0","1","1","749","4","27","3","90","65","1","1","1","1","0","1","1","1","1","1","0","27"
"2024","41","1","1","0","1","2","1","1486","7","33","2","113","91","1","1","1","0","0","1","1","1","0","0","1","2"
"2024","19","0","0","1","0","1","1","1481","5","32","3","94","72","1","1","1","1","0","1","1","0","0","0","1","9"
"2024","36","1","0","0","0","2","2","1380","5","25","3","101","62","3","1","1","1","0","1","1","1","1","0","1","28"
"2024","27","1","1","0","0","2","2","1480","7","33","2","109","90","3","1","1","1","0","0","1","0","0","0","1","2"
"2024","34","1","1","0","0","2","1","992","6","31","2","109","90","1","1","1","0","0","0","1","1","0","0","1","3"
"2024","34","1","0","0","0","2","2","628","4","27","3","90","65","1","1","1","1","0","1","1","1","1","1","0","19"
"2024","34","0","1","0","0","2","1","995","6","31","2","110","93","2","1","1","1","0","1","1","1","0","0","1","8"
"2024","25","0","0","0","0","1","1","975","4","28","3","76","84","3","1","1","1","0","1","1","1","1","1","1","24"
"2024","30","1","0","0","0","1","1","1470","6","31","2","105","91","4","1","1","0","0","0","1","1","0","0","1","1"
"2024","32","1","1","0","0","2","1","945","6","27","2","109","82","3","1","1","1","0","1","1","1","0","0","1","6"
"2024","33","1","0","0","0","1","2","635","3","24","3","78","72","1","1","1","1","0","0","1","1","1","0","0","1"
"2024","29","1","0","0","0","2","1","1435","6","31","2","110","90","3","1","1","1","0","1","1","1","0","0","1","4"
"2024","39","1","1","0","0","2","2","1492","6","33","2","120","91","3","1","1","1","0","0","1","1","0","0","1","3"
"2024","33","1","1","0","0","2","1","745","4","27","3","90","65","2","1","1","1","0","1","1","1","1","0","0","6"
"2024","34","1","0","0","0","1","2","965","2","27","3","72","62","2","1","1","1","0","1","1","1","1","1","0","5"
"2024","19","0","0","0","0","1","1","1479","6","29","2","112","92","3","1","1","1","0","1","1","1","0","0","1","7"
"2024","19","0","0","0","0","1","1","1465","6","29","3","101","62","1","1","1","1","0","0","1","1","0","0","1","7"
"2024","22","0","1","0","0","2","1","1476","6","30","2","109","87","3","1","1","1","0","1","1","1","0","0","1","24"
"2024","36","1","1","0","0","2","2","1358","6","29","2","109","91","2","1","1","0","0","0","1","0","1","0","1","2"
"2024","29","0","1","0","0","2","2","938","6","29","2","109","91","3","1","1","1","0","1","1","1","0","0","1","8"
"2024","30","0","0","0","0","1","2","970","4","28","3","76","58","1","1","1","1","0","1","1","1","1","0","1","53"
"2024","39","1","1","0","0","2","2","735","4","25","3","76","60","1","1","0","1","0","0","1","1","1","0","0","3"
"2024","25","1","0","0","0","2","1","1417","5","29","3","104","88","2","1","0","1","0","1","1","1","0","0","1","8"
"2024","29","1","1","0","0","2","1","1340","5","30","2","104","91","2","1","1","1","0","1","1","1","0","0","1","6"
"2024","39","1","0","0","0","2","1","967","4","27","3","78","72","3","1","1","1","0","1","1","1","1","0","1","46"
"2024","26","1","1","0","1","2","1","1429","6","31","2","109","90","3","1","1","0","0","1","1","1","0","0","1","12"
"2024","29","0","0","0","0","2","2","1350","6","29","3","101","62","1","1","1","1","0","1","1","1","1","0","1","11"
"2024","32","0","0","0","0","2","1","1356","4","32","3","78","72","2","1","1","1","0","1","1","1","0","0","1","5"
"2024","27","0","0","0","0","1","1","998","3","27","3","76","58","2","1","1","1","0","1","1","1","1","1","0","41"
"2024","21","0","0","0","0","1","1","950","4","27","3","76","58","1","1","1","1","0","1","1","1","0","0","1","15"
"2024","24","1","0","0","0","2","2","1485","6","31","2","103","80","3","1","1","1","0","1","1","1","0","0","1","4"
"2024","24","1","0","0","0","2","1","1396","5","31","2","103","81","3","1","1","1","0","0","1","1","0","0","1","4"
"2024","35","1","0","0","0","1","2","1290","5","29","2","78","72","3","1","1","1","0","1","1","1","0","0","1","14"
"2024","19","0","0","0","0","2","2","1492","5","33","3","94","72","2","1","1","1","0","1","1","1","0","0","1","8"
"2024","23","0","0","0","0","1","2","1320","6","28","2","104","84","3","1","1","0","0","1","1","1","0","0","1","6"
"2024","21","0","1","0","1","2","1","1279","6","32","2","110","90","3","1","1","0","0","1","1","1","0","0","1","5"
"2024","26","1","0","0","0","2","1","920","5","26","3","78","72","1","1","1","1","0","1","1","1","1","0","0","4"
"2024","24","1","0","0","0","2","1","925","5","28","3","78","70","2","1","1","1","0","1","1","1","0","0","1","9"
"2024","31","1","0","0","0","1","2","915","6","29","2","104","80","1","1","1","1","0","1","1","1","1","1","0","8"
"2024","40","0","0","0","1","1","2","945","2","27","3","76","58","3","1","1","1","0","1","1","1","1","0","1","3"
"2024","39","1","1","0","1","2","1","1429","6","33","2","104","97","2","1","1","1","0","0","1","1","0","0","1","0"
"2024","26","1","1","0","1","2","1","920","5","28","3","78","62","1","1","1","1","0","1","1","1","1","1","0","4"
"2024","44","1","1","0","0","2","1","1490","7","32","2","110","91","3","1","1","1","0","0","1","0","0","0","1","2"
"2024","31","1","0","0","1","2","1","1480","7","35","2","109","92","3","1","1","0","0","0","1","1","0","0","1","1"
"2024","21","0","0","0","0","1","1","725","3","26","3","76","55","2","1","1","1","0","1","1","1","1","0","0","50"
"2024","32","1","0","0","1","2","2","900","4","30","3","76","58","1","1","1","1","0","0","1","0","1","0","0","13"
"2024","34","1","1","0","0","2","1","985","7","30","2","110","96","2","1","1","1","0","0","1","0","0","0","1","5"
"2024","27","1","0","1","0","2","2","1310","5","29","2","110","84","1","1","1","1","0","1","1","0","0","0","1","9"
"2024","35","1","0","0","0","2","1","745","3","25","3","76","58","2","1","1","1","0","0","1","1","1","1","0","34"
"2024","30","0","0","0","0","2","2","993","5","30","2","104","87","3","1","1","1","0","1","1","1","0","0","1","8"
"2024","30","0","0","0","0","2","2","1262","5","30","3","101","62","3","1","1","1","0","1","1","1","0","0","1","8"
"2024","34","1","0","0","0","2","2","1467","6","31","2","104","82","1","1","1","1","0","0","1","0","0","0","1","1"
"2024","34","1","0","0","0","2","2","1445","6","31","2","104","98","2","1","1","1","0","1","1","0","0","0","1","1"
"2024","26","1","1","0","0","2","1","1450","6","32","2","111","96","1","1","1","0","0","0","1","0","0","0","1","1"
"2024","29","1","0","0","0","1","2","985","4","25","3","78","72","1","1","1","1","0","1","1","1","1","0","1","92"
"2024","37","1","0","0","0","1","2","729","4","27","3","78","72","1","1","1","1","0","1","1","1","0","0","1","12"
"2024","20","0","0","0","0","1","1","965","5","28","2","92","63","1","1","1","1","0","0","1","1","0","0","1","10"
"2024","20","0","0","0","0","1","1","985","5","28","2","90","82","1","1","1","1","0","1","1","0","0","0","1","10"
"2024","28","1","0","0","0","1","1","975","6","28","2","109","92","2","1","1","1","0","1","1","1","1","1","1",""
"2024","40","1","1","0","0","2","1","922","5","29","2","103","89","1","1","1","1","0","1","1","1","0","0","1","7"
"2024","30","0","0","0","0","1","1","985","5","28","3","72","72","3","1","1","1","0","0","1","0","1","0","1","18"
"2024","30","0","0","0","0","1","1","935","5","28","3","75","73","3","1","1","1","0","1","1","0","0","0","1","18"
"2024","37","1","1","0","1","2","1","987","6","30","2","105","90","3","1","1","1","0","0","1","1","0","0","1","6"
"2024","20","0","0","0","0","2","1","966","6","30","2","103","95","2","1","1","1","0","1","1","0","0","0","1","6"
"2024","27","1","0","0","0","2","2","1110","6","28","2","104","92","3","1","1","1","0","1","1","0","0","0","1","3"
"2024","29","0","0","0","0","2","2","865","4","27","3","76","58","4","1","1","1","0","1","1","1","0","0","1",""
"2024","23","0","0","0","0","2","1","740","4","28","3","88","58","2","1","1","1","0","1","1","1","0","0","1","13"
"2024","39","0","1","0","0","2","2","990","4","30","3","76","58","3","1","1","1","0","1","1","1","1","0","1",""
"2024","31","1","0","0","0","2","1","1495","7","34","2","105","85","3","1","1","1","0","0","1","0","0","0","1","1"
"2024","28","1","1","0","0","2","2","1200","6","31","2","111","91","1","1","1","1","0","1","1","1","1","0","1","2"
"2024","22","0","0","0","0","1","1","1435","7","31","2","111","89","2","1","1","1","0","0","1","1","0","0","1","4"
"2024","38","1","0","0","0","2","2","910","6","29","2","104","82","1","1","1","1","0","1","1","1","0","0","1",""
"2024","21","0","1","0","1","2","2","1405","7","33","2","113","91","3","1","1","1","0","0","1","0","0","0","1","1"
"2024","41","1","1","0","1","2","1","1380","6","33","2","110","94","1","1","1","0","0","0","1","0","0","0","1","2"
"2024","31","0","1","0","0","1","1","946","7","29","2","93","84","2","1","1","1","0","0","1","1","1","0","1","7"
"2025","42","1","0","0","0","2","1","950","6","30","2","110","88","3","1","1","1","0","1","1","1","1","1","1","5"
"2025","39","1","1","0","0","1","2","991","3","28","3","76","61","3","1","1","1","0","0","1","0","0","0","1","15"
"2025","39","1","1","0","0","1","2","995","3","28","3","76","60","2","1","1","1","0","0","1","1","0","0","1","19"
"2025","34","0","1","0","1","2","1","1490","6","33","3","110","64","1","1","1","1","0","0","1","0","0","0","1","3"
"2025","41","1","1","0","0","2","2","1235","7","31","2","110","90","1","1","1","1","0","1","1","0","1","0","1","28"
"2025","41","1","1","0","0","2","2","965","6","31","2","109","94","1","1","1","1","0","1","1","0","1","1","1","40"
"2025","35","0","1","0","1","1","2","1445","6","34","2","106","85","3","1","1","1","0","1","1","1","0","0","1","1"
"2025","41","1","0","0","0","2","1","986","4","27","3","78","72","3","1","1","1","0","1","1","1","1","0","1","0"
"2025","31","0","0","0","1","2","2","614","3","27","3","88","60","3","1","1","1","0","1","1","1","1","1","0","15"
"2025","27","0","1","0","0","2","2","1210","6","31","2","110","97","2","1","1","1","0","1","1","0","1","0","1","8"
"2025","31","1","0","0","0","2","1","1475","6","32","2","107","96","4","1","1","1","0","1","1","1","0","0","1","7"
"2025","21","0","0","0","0","2","1","709","3","26","3","78","62","1","1","1","1","0","1","1","1","1","0","0","4"
"2025","37","1","0","0","0","1","1","685","3","25","3","68","59","1","1","1","1","0","1","1","0","1","1","0","6"
"2025","39","0","0","0","0","1","2","1495","6","32","2","110","92","4","1","1","0","0","0","1","0","0","0","1","0"
"2025","40","1","1","0","0","1","1","1388","7","30","2","110","91","3","1","1","1","0","0","1","1","0","0","1","5"
"2025","34","0","1","0","0","1","1","1320","6","30","2","110","76","1","1","1","1","0","0","1","1","0","0","1","9"
"2025","37","1","1","0","0","1","2","1480","7","32","2","114","94","1","1","1","1","0","0","1","0","0","0","1","1"
"2025","32","1","1","0","1","2","2","1250","6","30","2","110","95","2","1","1","1","0","0","1","0","0","0","1","6"
"2025","41","1","0","0","0","2","2","850","4","27","3","88","58","2","1","1","1","0","1","1","1","1","0","0","43"
"2025","24","1","1","0","0","2","1","979","5","25","3","88","60","2","1","1","1","0","1","1","1","1","0","1","22"
"2025","26","1","0","0","0","1","2","935","4","26","3","85","60","2","1","1","1","0","1","1","1","1","0","1","21"
"2025","35","1","1","0","0","2","1","940","5","27","3","78","72","2","1","1","1","0","0","1","1","1","0","0","9"
"2025","26","0","0","0","0","2","1","952","6","27","2","100","86","1","1","1","1","0","1","1","0","0","0","1","6"
"2025","26","0","0","0","0","2","2","946","6","27","2","100","85","1","1","1","1","0","1","1","1","0","0","1","6"
"2025","35","1","1","0","0","2","2","737","4","28","3","88","70","3","1","1","1","0","1","1","1","1","1","0","22"
"2025","56","1","1","0","0","2","1","980","5","29","2","105","97","1","1","1","1","0","0","1","1","0","0","1","27"
"2025","56","1","1","0","0","2","2","850","5","29","2","107","91","2","1","1","1","0","0","1","0","0","0","1","27"
"2025","39","1","1","0","0","2","1","741","5","28","2","104","87","2","1","1","1","0","0","1","1","0","0","1","8"
"2025","38","1","1","0","0","2","2","977","6","28","2","100","57","3","1","1","1","0","1","1","1","1","0","1","20"
"2025","38","1","0","0","0","2","1","1215","6","27","2","103","91","3","1","1","1","0","0","1","1","0","0","1","26"
"2025","21","0","1","0","1","2","1","1345","6","31","2","100","95","2","1","1","1","0","1","1","1","0","0","1","3"
"2025","21","0","0","0","0","2","2","995","6","31","2","110","89","4","1","1","1","0","1","1","0","0","0","1","9"
"2025","51","1","1","0","0","2","2","925","6","29","2","104","91","3","1","1","1","0","1","1","1","0","0","1","10"
"2025","38","1","0","0","0","2","2","1348","7","29","2","101","88","4","1","1","1","0","1","1","1","0","0","1","3"
"2025","38","1","0","0","0","2","2","1496","7","29","2","119","90","3","1","1","1","0","1","1","1","0","0","1","3"
"2025","27","1","0","0","0","2","1","935","5","30","3","78","72","1","1","1","1","0","1","1","0","0","0","1","16"
"2025","27","1","0","0","0","2","1","1415","5","30","3","78","68","1","1","1","1","0","1","1","1","1","0","1","16"
"2025","38","1","1","0","0","2","1","985","4","28","3","88","70","2","1","1","1","0","1","1","1","0","1","0","7"
"2025","42","0","0","0","0","1","2","1487","6","31","2","105","91","3","1","1","0","0","1","1","1","0","0","1","2"
"2025","34","1","0","1","0","2","2","727","4","28","3","70","58","3","1","1","1","0","1","1","1","1","0","1","47"
"2025","38","1","0","0","0","2","1","693","4","25","3","86","70","1","1","1","1","1","1","1","0","1","0","0","14"
"2025","44","1","0","0","1","2","1","1470","7","33","2","110","89","1","1","1","1","0","1","1","0","0","0","1","3"
"2025","25","0","0","0","1","2","1","1180","6","29","2","104","84","3","1","1","1","0","0","1","0","0","0","1","21"
"2025","29","0","0","0","0","2","1","1490","7","31","2","110","92","3","1","1","0","0","1","1","1","0","0","1","2"
"2025","34","1","1","0","0","2","2","1450","7","31","2","110","96","1","1","1","1","0","0","1","0","0","0","1","4"
"2025","24","1","0","0","0","1","1","1315","5","30","2","105","94","1","1","1","1","0","0","1","0","0","0","1","5"
"2025","24","1","0","0","0","1","1","1430","5","30","2","105","86","1","1","1","1","0","0","1","0","0","0","1","5"
"2025","36","1","0","0","0","2","1","1475","7","32","2","94","88","2","1","1","1","0","0","1","0","0","0","1","3"
"2025","33","1","1","0","1","2","2","990","6","33","3","110","95","3","1","1","1","0","0","1","0","0","0","1","8"
"2025","36","1","1","0","0","2","1","1410","6","33","2","116","86","2","1","1","1","0","0","1","0","0","0","1","12"
"2025","24","1","0","0","1","1","2","1440","6","32","2","110","94","1","1","1","0","0","0","1","0","0","0","1","2"
"2025","23","1","1","1","0","1","1","1273","6","28","2","103","92","1","1","1","1","0","0","1","1","0","0","1","7"
"2025","21","1","0","0","0","2","1","1425","6","30","3","106","71","2","1","1","1","0","0","1","0","0","0","1","9"
"2025","37","1","1","0","0","2","1","1344","6","33","2","105","89","2","1","1","1","0","0","1","1","0","0","1","6"
"2025","28","1","1","0","0","2","1","1485","6","31","2","114","90","2","1","1","1","0","0","1","0","0","0","1","10"
"2023","23","0","0","0","0","2","2","14970","7","32","2","141","92","1","1","0","0","0","0","1","1","0","0","1","3"
"2023","30","0","0","1","0","1","1","511","6","23","3","150","89","1","0","1","0","0","1","1","1","0","0","0","2"
"2023","35","0","1","0","0","2","2","1300","8","32","2","167","88","3","1","1","0","0","0","1","1","0","0","1","3"
"2023","35","0","1","0","0","2","2","1496","8","33","2","155","90","3","1","0","0","0","0","1","0","0","0","1","3"
"2023","28","0","0","0","1","2","2","750","4","26","3","175","85","2","1","1","0","0","1","1","1","0","0","1","58"
"2023","29","1","1","0","1","2","1","1480","7","30","2","151","92","3","0","1","1","0","0","1","1","0","0","1","10"
"2023","26","1","0","0","1","2","1","1131","7","31","2","151","92","3","1","1","0","1","0","1","1","0","0","0","27"
"2023","39","0","0","0","0","2","2","1230","7","27","3","175","85","1","1","0","0","0","0","1","1","0","0","1","16"
"2023","39","0","0","0","0","2","2","994","7","27","2","176","85","1","1","1","0","0","0","1","1","0","0","1","51"
"2023","29","0","1","0","1","2","1","1352","8","32","2","148","92","1","1","1","0","0","0","1","1","0","0","1","3"
"2023","33","1","1","0","1","2","1","541","7","24","3","146","91","2","1","0","0","0","0","1","1","1","0","0","4"
"2023","29","0","0","0","1","2","2","1302","7","34","2","151","93","1","1","0","0","0","0","1","1","0","0","1","2"
"2023","41","1","1","0","1","2","1","1412","8","32","2","144","91","4","1","0","0","0","0","1","1","0","0","1","4"
"2023","24","0","1","0","0","2","1","1323","7","30","2","143","91","3","1","0","0","0","0","1","1","0","0","1","9"
"2024","31","1","1","0","1","2","2","1490","7","31","2","132","91 ","3","1","1","0","0","0","0","1","0","0","1","7"
"2024","33","1","1","0","1","1","2","1479","7","34 ","2","132 ","91    ","2","1","1","0","0","0","1","1","0","0","1","0"
"2024","32","1","0","0","1","2","2","1803 ","6","31 ","3","175 ","85","1","1","1","0","0","0","0","0","0","0","1","20"
"2024","37","1","0","1","1","2","1","803","2"," 26","3","162 ","89   ","3","1","1","0","1","0","1","1","1","0","0","5"
"2024","32","1","0","0","1","1","1","1402 ","7","29","2","164","90","1","1","1","0","0","0","0","1","0","0","1","31"
"2024","42","1","0","0","1","1","1","1380 ","7","29","2","141 ","92    ","2","1","1","0","0","0","1","1","0","0","1","33"
"2024","25","0","1","0","1","2","1","1220 ","7","31  ","2","142 ","92    ","2","1","1","0","0","1","1","1","0","0","1","41"
"2024","24","1","1","0","1","2","2","1205 ","4","31 ","2","175 ","90","3","1","0","0","0","0","1","1","0","0","1","26"
"2024","32","1","0","0","1","1","2","1375 ","7","29 ","2","153 ","89","3","1","0","0","0","0","1","1","0","0","1","28"
"2024","35","0","0","0","1","1","1","652 ","4","25 ","3","116 ","84","2","1","1","0","1","1","0","1","1","0","1","62"
"2024","40","1","1","0","1","2","1","720 ","5","27 ","2 ","170 ","92    ","3","1","1","0","0","0","0","1","1","0","0","4"
"2024","37","1","1","0","1","2","2","1488 ","7","34 ","2","136 ","89","1","1","1","0","0","0","0","0","0","0","1","30"
"2024","29","1","1","0","1","2","2","661 ","4","27","2","150 ","92","1","1","0","0","0","1","1","1","0","0","1","87"
"2024","33","1","0","0","1","2","2","792 ","4","26","3","150 ","92            ","3","1","1","0","0","1","0","1","0","0","1",""
"2024","27","1","1","0","1","1","1","1293 ","7","29","2","156 ","93    ","1","1","1","0","0","0","0","1","1","1","0","9"
"2024","42","1","0","0","1","1","1","1332 ","4","30","2","153 ","89","4","1","0","0","0","0","0","1","0","0","1","27"
"2024","32","1","0","0","1","2","2","501 ","4 ","23","3","116 ","84   ","1","1","1","0","0","1","0","1","0","0","1","110"
"2024","25","1","0","0","1","1","2","996 ","8  ","29","2","143 ","93    ","2","1","1","0","0","0","0","1","0","0","1","41"
"2024","37 ","1","1","0","1","2","2","1390 ","7 ","30","2","150 ","92    ","3","1","1","0","0","0","0","1","0","0","1","29"
"2024","29","1","0","0","1","1","2","827 ","4 ","26","3","116 ","87   ","2","1","1","0","0","1","0","1","0","0","1",""
"2024","37","1","0","0","1","2","1","1340 ","7","29 ","2","159 ","90","1","1","0","0","0","0","0","1","0","0","1",""
"2024","31","1","1","0","1","2","2","1008 ","8","31","2 ","152 ","90","1","1","1","0","0","0","0","1","0","0","1","27"
"2024","41","1","1","0","1","1","1","1396 ","7","31","2","141 ","92","1","1","0","0","0","1","0","1","0","0","1","61"
"2024","29 ","1","1","0","1","2","2","662 ","6 ","28","2","150 ","92    ","2","1","1","0","1","0","0","1","1","1","0",""
"2024","32","1","0","0","1","2","1","1124 ","8 ","30","1","153 ","97    ","3","1","1","0","0","0","0","0","0","0","1","31"
"2024","39","1","0","0","1","1","2","898 ","6 ","28","3","116 ","87   ","3","1","1","0","0","0","0","1","0","0","0","0"
"2024","31","1","0","0","1","2","1","938 ","6 ","27 ","2","150 ","92    ","3","0","1","0","0","0","0","1","0","1","0","8"
"2024","37","1","1","0","1","2","2","1402 ","6 ","34 ","2","145","94   ","3","1","0","0","0","0","0","0","0","0","1",""
"2024","35","0","1","0","1","2","2","724 ","7","28 ","2","150","92    ","2","1","1","0","0","0","0","1","1","0","0","18"
"2024","39","1","0","0","1","2","2","1410 ","7","30 ","2","164 ","92","2","1","0","0","0","0","0","1","0","0","1",""
"2024","27","1","0","0","1","2","2","740 ","4","26 ","3","116 ","84   ","2","1","1","0","0","1","1","1","0","0","1","80"
"2024","29","1","1","0","1","2","2","1410 ","6 ","31 ","2","168 ","91  ","1","1","1","0","0","0","0","1","0","0","1","21"
"2024","28","1","1","0","1","1","1","921 ","8 ","28 ","2","150 ","92    ","2","1","1","0","0","1","1","1","0","0","1",""
"2024","31","1","1","0","1","2","2","1434","6","30","2","148 ","93","1","1","0","0","0","1","1","1","0","0","1","38"
"2024","39","1","1","0","1","2","2","1200 ","8 ","32 ","2","138 ","89    ","3","1","0","0","0","0","0","1","0","0","1","31"
"2024","31","1","1","0","1","2","1","1220","7","31","2","160 ","89    ","2","1","1","0","0","0","1","1","0","0","1","31"
"2024","29","1","0","0","1","1","1","1432 ","8 ","30","2","151 ","92            ","3","1","1","0","0","0","1","1","0","0","1","27"
"2024","32","1","1","0","1","2","2","905 ","6 ","26 ","2","177 ","89    ","4","1","1","0","0","0","1","1","0","0","1",""
"2024","28","1","0","0","1","1","2","556 ","5 ","23 ","3","116 ","84              ","4","1","0","0","1","0","1","1","1","1","0",""
"2024","34","1","1","0","1","2","2","611 ","6 ","25 ","3","172 ","90    ","1","1","0","0","0","0","1","1","1","1","0","16"
"2024","33","0","0","0","1","1","1","511 ","6 ","24 ","3 ","112 ","54   ","1","0","0","0","0","0","1","1","0","0","1","7"
"2024","29","0","0","0","1","1","2","1250 ","8 ","29 ","1","151 ","92    ","3","1","0","0","0","0","0","1","0","0","1",""
"2024","41","0","0","0","1","1","2","501,0 ","4 "," 23","3","116 ","84   ","4","1","1","0","0","0","1","1","0","0","0",""
"2024","40","1","1","0","1","2","1","1128 ","6 ","29 ","2","172 ","90    ","3","1","1","0","0","1","1","0","0","0","1",""
"2024","31","1","0","0","1","1","1","1242 ","6 ","29 ","3","116 ","84   ","4","1","1","0","0","1","1","0","0","0","1","63"
"2024","36","1","0","0","0","2","2","1390 ","7 ","36 ","2","167 ","91            ","4","1","1","0","0","0","1","0","0","0","0",""
"2024","35","1","0","0","1","1","2","882 ","4 ","26 ","2","150 ","89   ","2","1","1","1","0","0","1","1","0","0","1",""
"2024","40","1","0","0","1","1","2","640 ","5 ","25 ","2","150 ","89   ","2","1","0","0","0","0","1","1","0","0","1",""
"2024","27","1","0","0","0","1","2","843 ","6 ","26 ","2","180 ","90    ","2","1","0","0","0","0","0","1","0","0","1",""
"2024","32","1","0","0","0","2","2","992 ","7 ","32 ","2","142 ","90    ","2","1","1","0","0","0","0","1","0","0","1",""
"2024","41","1","1","0","1","1","2","904 ","7 ","30 ","2","142 ","90","2","1","1","0","0","0","1","1","0","0","1",""
"2024","30","0","1","0","1","2","2","988","7","30","2","142","90","3","1","1","0","0","0","1","1","0","0","1","4"
"2024","25","1","0","0","0","2","1","623","5","24","3","150","89","2","0","1","0","0","1","1","1","0","0","1","103"
"2024","25","0","0","0","1","2","2","1480","7","34","2","142","90","1","1","0","0","0","0","1","1","0","0","1","1"
"2024","34","1","1","0","1","2","2","921","8","27","2","150","89","1","1","0","0","0","0","1","1","1","0","0","7"
"2024","30","1","0","0","0","1","2","1177","6","28","2","148","93","2","1","1","0","0","0","1","1","0","0","1","13"
"2024","32","1","0","0","1","2","1","1488","9","31","2","128","90","1","1","1","0","0","0","1","1","0","0","1","1"
"2024","39","0","1","0","1","2","2","1165","8","31","2","159","92","4","1","1","0","0","0","1","1","0","1","1","7"
"2024","40","0","1","0","1","2","2","628","6","27","2","177","89","3","1","1","0","0","0","1","1","0","0","1",""
"2024","35","1","0","0","0","2","2","1700","5","31","3","113","84","2","1","1","0","0","0","0","1","0","0","1","72"
"2024","35","1","0","0","0","2","2","1490","8","31","2","139","90","2","1","0","0","0","1","1","1","0","0","1","1"
"2024","35","1","0","0","1","2","1","1460","7","30","2","137","90","1","1","1","0","0","1","1","1","0","0","1","29"
"2024","39","1","1","0","1","2","2","992","8","34","2","146","93","2","1","1","0","0","0","1","1","0","1","1","41"
"2024","42","1","0","0","0","2","2","742","2","25","3","116","84","1","1","1","0","0","0","1","1","1","0","0","12"
"2024","43","1","0","0","0","1","2","1492","5","31","2","164","90","1","1","0","0","0","0","1","1","0","0","1","3"
"2024","24","1","0","0","1","2","1","1368","8","29","2","158","89","1","0","1","0","0","0","1","1","0","0","1","84"
"2024","38","1","0","0","0","2","2","992","6","29","2","177","89","3","1","1","0","0","1","1","1","0","0","1","31"
"2024","38","1","0","0","0","2","1","984","6","29","2","174","90","3","1","1","0","0","0","1","1","0","0","1","24"
"2024","38","1","0","0","0","2","2","950","6","29","2","169","91","3","1","1","0","0","0","1","1","0","0","1","24"
"2024","25","0","0","0","0","2","2","863","7","27","2","150","89","1","1","1","0","0","1","1","1","0","0","1","23"
"2024","38","1","1","0","1","2","2","1225","8","30","2","170","90","3","1","0","0","0","0","1","1","0","0","1","37"
"2024","40","1","1","0","1","2","1","718","8","27","2","156","85","1","1","1","1","1","0","1","1","1","1","0","14"
"2024","33","0","0","0","1","2","1","1300","6","30","2","150","92","3","0","1","1","0","0","1","1","0","0","0","3"
"2024","36","0","0","0","1","1","2","1300","7","29","2","164","90","3","1","1","1","1","1","1","1","1","1","1","48"
"2024","28","0","0","0","1","1","2","972","7","26","2","177","89","4","1","0","0","0","0","1","0","0","0","1","67"
"2024","37","1","1","0","1","2","1","987","7","28","2","136","90","1","1","1","0","1","1","1","1","0","0","1","48"
"2024","36","1","1","0","0","2","1","1280","7","31","2","177","89","1","1","1","1","0","0","1","1","0","0","1","41"
"2024","31","1","1","0","0","2","2","1368","6","29","2","149","89","1","1","1","0","0","0","1","1","0","0","1","43"
"2024","31","1","1","0","0","2","2","1117","6","29","2","151","92","1","1","1","0","0","0","1","1","0","0","1","43"
"2024","25","1","1","0","1","2","1","1480","8","33","2","148","90","1","1","1","1","0","0","1","1","0","0","1","32"
"2024","29","1","0","0","1","2","1","757","6","26","2","150","89","3","1","1","1","0","1","1","1","1","1","0","2"
"2024","29","1","0","0","1","2","1","816","6","26","2","165","89","3","1","1","0","0","1","1","1","0","0","1","93"
"2024","40","1","0","0","0","2","1","885","7","26","2","167","91","4","1","1","0","0","0","1","1","0","0","1","62"
"2024","33","0","0","1","1","1","1","893","5","26","2","180","90","3","1","1","0","0","1","1","1","0","0","1","51"
"2024","35","1","0","0","1","1","2","882 ","4 ","26 ","2","150 ","89   ","2","1","1","1","0","0","1","1","0","0","1",""
"2024","40","1","0","0","1","1","2","640 ","5 ","25 ","2","150 ","89   ","2","1","0","0","0","0","1","1","0","0","1",""
"2024","27","1","0","0","0","1","2","843 ","6 ","26 ","2","180 ","90    ","2","1","0","0","0","0","0","1","0","0","1",""
"2024","36","1","1","0","1","2","2","678","6","26","2","168","89","2","1","1","1","1","1","1","1","1","1","1","47"
"2024","37","1","1","0","1","2","2","611","7","25","2","167","92","4","1","1","1","0","1","1","1","0","0","0","28"
"2024","32","0","0","0","1","2","1","1485","6","30","2","144","90","2","1","1","0","1","1","1","1","0","0","1","34"
"2024","35","1","0","0","0","2","2","1493","7","30","2","151","93","3","1","0","0","0","0","1","1","0","0","1","26"
"2024","32","1","1","0","0","2","1","1467","7","30","2","139","90","3","1","1","0","0","0","0","1","0","0","1","10"
"2024","31","1","0","0","1","2","1","885","6","25","2","163","91","1","1","1","0","0","0","1","1","1","0","1","61"
"2024","24","1","0","0","0","2","2","987","6","28","0","165","91","3","1","0","0","1","0","1","1","0","0","1","8"
"2024","24","1","0","0","0","2","2","1193","6","28","0","157","93","3","1","0","0","1","0","1","1","0","0","1","8"
"2024","37","1","0","0","1","2","2","545","6","24","2","177","89","3","1","1","0","1","1","1","1","1","0","0","10"
"2024","46","1","0","0","0","2","1","992","7","28","2","177","89","2","1","0","0","0","0","1","1","0","0","1","6"
"2024","28","1","0","0","0","2","1","1206","4","29","2","150","89","3","1","0","0","0","0","1","1","0","0","1","15"
"2024","26","1","0","0","0","2","1","990","8","29","2","177","89","1","0","1","0","0","0","1","1","0","0","1","23"
"2024","26","1","0","0","0","2","1","960","7","29","3","148","85","1","0","1","0","0","0","1","1","0","0","1","34"
"2024","26","1","0","0","0","2","2","1250","8","29","2","154","90","1","1","1","0","0","1","1","1","0","0","1","72"
"2024","29","0","0","0","1","1","2","992","5","29","2","157","93","1","1","0","0","0","0","0","0","0","0","1","41"
"2024","29","1","1","0","0","1","2","845","6","27","2","177","89","1","1","1","0","0","0","1","1","1","0","1","58"
"2024","30","0","0","0","1","1","1","621","3","24","3","167","92","4","1","1","0","0","1","1","0","0","0","0","2"
"2024","41","0","1","0","0","2","2","1498","8","33","2","177","89","2","1","1","0","0","0","1","0","0","0","1","14"
"2024","29","0","1","0","1","2","1","930","7","29","2","177","89","1","1","1","0","0","1","1","1","0","0","1","46"
"2024","36","0","1","0","0","2","1","709","7","26","2","165","89","1","1","1","0","0","1","1","1","0","0","1","41"
"2024","33","0","0","0","0","2","1","501","2","23","2","123","89","2","1","1","0","0","1","1","1","0","0","0","12"
"2024","25","0","1","0","0","2","2","650","6","26","2","177","89","1","1","1","0","0","1","1","1","0","1","0","9"
"2024","49","1","0","0","0","1","2","1497","6","29","2","177","89","1","1","1","0","0","0","1","1","0","0","1","26"
"2024","37","1","1","0","0","2","1","840","7","27","1","163","89","1","1","0","0","0","1","0","0","0","0","0","60"
"2024","27","0","0","0","0","1","2","1437","7","28","2","137","89","3","1","1","0","0","0","1","0","0","0","1","26"
"2024","25","1","1","0","1","2","1","993","6","31","2","150","94","2","1","1","0","0","0","1","0","0","0","1","39"
"2024","42","1","1","0","0","2","2","648","6","26","2","160","89","1","1","1","0","0","1","1","1","1","1","0","75"
"2024","29","1","0","0","0","2","2","1192","6","29","3","151","90","4","1","1","0","0","0","1","0","0","0","1",""
"2024","29","1","1","0","0","2","2","708","6","27","2","170","89","1","1","1","0","0","0","1","1","1","0","1","102"
"2024","30","1","0","0","0","1","2","972","5","27","2","165","89","3","1","1","0","1","1","1","1","0","0","1",""
"2024","27","1","1","0","0","2","1","1478","7","31","2","136","92","2","1","1","0","0","0","1","0","0","0","1","87"
"2024","41","1","1","0","0","2","1","1900","7","34","2","171","92","2","1","1","0","0","0","1","0","0","1","0",""
"2024","20","0","0","0","0","1","2","1162","7","28","2","164","91","3","1","0","0","0","0","1","1","0","0","1","105"
"2024","36","1","1","0","0","2","1","1135","7","30","2","170","90","3","1","0","0","1","0","1","1","0","0","1","146"
"2024","22","1","0","0","0","2","2","948","7","31","2","168","89","3","1","1","0","1","1","1","1","0","0","1","90"
"2024","29","1","1","0","0","2","1","1385","7","28","2","173","89","1","1","0","0","0","1","1","1","0","0","1","70"
"2024","25","0","0","0","0","2","2","512","4","27","3","165","89","3","1","1","0","0","0","1","1","0","0","1","52"
"2024","39","0","0","0","0","2","2","1263","7","29","2","152","85","1","1","0","0","0","0","1","0","0","0","1","58"
"2024","36","1","1","0","0","2","2","752","6","29","2","170","89","1","1","0","0","0","0","1","1","0","0","1","52"
"2024","19","0","0","0","0","2","2","1489","8","32","2","175","89","2","1","0","0","1","1","1","0","0","1","1","66"
"2024","38","0","0","0","0","1","2","622","4","24","3","188","87","2","1","1","0","1","1","1","1","0","0","1","49"
"2024","40","1","1","0","0","2","1","1408","8","33","2","139","92","1","1","0","0","0","0","1","0","0","0","1","0"
"2024","33","1","1","0","0","2","2","748","6","27","2","172","89","1","1","1","0","0","1","1","1","0","1","1","44"
"2024","34","0","1","0","0","2","1","1311","8","27","2","177","88","3","1","0","0","1","0","1","0","0","0","0","55"
"2024","33","1","1","0","0","2","1","1398","7","27","2","160","89","3","1","1","0","1","0","1","1","1","0","0","0"
"2024","33","1","1","0","0","2","1","923","6","27","2","158","89","3","1","1","0","0","1","1","1","0","0","1","56"
"2024","34","1","1","0","0","2","2","1154","8","30","2","168","90","1","0","0","0","0","1","1","1","0","0","1","65"
"2024","39","0","0","0","0","2","2","989","6","26","2","170","92","1","1","0","0","0","0","1","0","0","0","1","13"
"2024","36","0","0","0","0","2","2","1498","7","30","2","177","89","2","1","0","0","1","1","1","0","0","0","1","69"
"2024","20","0","0","0","0","1","2","989","8","27","2","158","91","1","1","1","0","0","0","1","0","0","0","1","5"
"2024","20","0","1","0","0","2","2","1432","6","29","2","160","89","3","1","0","0","1","0","1","1","0","0","1","0"
"2024","37","1","0","0","0","1","2","718","5","27","3","167","92","3","1","0","0","0","0","1","1","0","1","1","2"
"2024","19","1","0","0","0","1","1","998","6","27","2","160","89","2","1","1","0","1","1","1","0","1","0","1","4"
"2024","30","1","0","0","0","2","1","843","5","25","3","165","90","1","1","1","0","1","0","1","1","1","0","0","0"
"2024","23","1","0","1","0","2","2","748","5","25","3","175","89","3","1","0","0","0","0","1","0","0","0","0","0"
"2024","27","1","0","0","0","2","2","1492","8","32","2","155","92","1","1","0","0","0","1","1","0","0","0","1","0"
"2024","37","1","0","0","0","2","1","1853","7","31","2","140","92","3","1","0","0","0","0","1","0","0","0","1","0"
"2024","36","1","1","0","1","2","2","985","7","29","2","163","90","3","1","0","0","1","0","1","1","1","0","0","0"
"2024","34","0","0","0","0","1","1","998","5","27","3","156","89","3","1","0","0","0","0","1","1","0","0","1","0"
"2024","34","1","1","0","0","2","2","1093","6","29","2","163","90","2","1","0","0","0","0","1","1","0","1","1","0"
"2024","35","1","1","0","0","2","2","1837","6","32","2","160","89","1","1","0","0","0","0","1","0","0","0","1","0"
"2024","33","1","0","0","0","2","1","1498","5","30","2","160","89","2","1","0","0","1","1","1","0","0","0","1","0"
"2024","21","0","0","0","0","2","2","998","8","34","2","177","90","3","1","1","0","0","0","1","0","0","0","1","0"
"2024","29","1","0","0","0","2","1","1189","8","33","2","155","90","4","1","1","0","1","1","1","1","0","0","1","0"
"2024","34","1","0","0","0","2","2","502","5","22","3","167","92","1","1","1","0","0","0","1","1","0","0","1","0"
"2024","32","0","1","0","0","2","1","890","5","26","2","168","90","2","1","1","0","0","1","1","1","0","0","1","0"
"2024","26","0","0","0","0","2","2","845","6","27","2","145","89","1","1","1","0","0","0","1","1","0","0","1","0"
"2024","35","1","0","0","0","2","1","1410","6","28","2","160","88","1","1","1","0","0","1","1","1","0","0","1","0"
"2024","35","1","0","0","0","2","2","1280","6","28","2","173","90","3","1","1","0","1","1","1","0","0","0","1","0"
"2024","29","1","0","0","0","1","2","992","5","29","2","177","89","1","1","0","0","1","0","1","0","0","1","0","0"
"2024","35","1","1","0","0","2","2","726","7","27","2","164","89","3","1","0","0","0","0","1","1","0","0","0","0"
